flame_value,smoke_ppm,temperature_c,humidity_pct,fire_status
2647.6,181.5,25.63,65.95,0
3230.6,168.2,28.67,10.69,1
2466.4,214.4,20.84,41.62,0
1398.2,885.4,24.0,26.13,1
323.8,1897.7,77.81,25.58,2
3697.4,381.2,21.21,35.93,0
3994.2,655.7,26.0,42.02,0
4095.0,63.8,20.58,57.84,0
4058.8,653.1,25.92,50.69,0
4095.0,156.0,25.03,45.75,0
1344.7,2173.2,62.45,27.48,2
1846.8,222.5,41.0,25.14,1
3180.1,497.8,28.56,65.12,0
4095.0,47.8,21.19,45.88,0
2434.5,1315.6,32.96,29.65,1
1997.2,276.9,42.33,29.03,1
3411.5,705.6,31.52,23.27,1
516.6,2731.2,55.11,29.52,2
3334.9,563.6,24.54,74.56,0
4095.0,292.1,18.97,47.86,0
3493.4,28.4,23.85,35.4,0
187.4,3809.8,50.3,39.64,2
1927.3,740.2,40.91,42.06,1
2233.1,715.0,38.74,28.1,1
1395.6,2721.3,53.78,19.75,2
611.2,6530.2,51.13,30.63,2
3292.5,322.7,25.97,66.3,0
174.8,1290.4,96.63,16.34,2
2308.9,646.8,27.35,39.88,1
1709.1,150.0,32.0,40.44,1
244.4,1596.3,45.4,12.02,2
702.3,3477.2,68.81,17.2,2
513.4,864.2,35.0,27.58,2
3438.0,302.5,15.21,64.06,0
3348.1,1430.8,33.04,26.48,1
2995.8,109.0,25.07,64.15,0
3050.3,150.0,31.86,54.78,1
3042.6,163.3,39.35,62.73,1
30.2,1306.9,98.33,19.9,2
2532.3,699.1,41.83,53.37,1
2402.6,451.7,24.14,25.63,1
4095.0,881.123343580492,35.810239351466215,38.43,0
3042.3,63.8,23.28,70.26,0
1482.3,1640.1,43.32,8.0,1
1092.4,1875.9,35.0,26.66,2
2434.6,204.3,24.0,59.82,1
1156.8,2420.6,63.64,19.21,2
2772.0,234.8,37.24,51.01,1
3497.2,164.0,23.73,79.24,0
2406.2,169.1,25.5,52.46,0
3355.1,675.1689138603135,31.733095602345074,50.95,0
3120.5,734.3668247304944,30.200780095799125,36.35,0
2859.5,656.7,29.75436578489536,42.94,0
2284.1,1284.9,27.62,8.0,1
2811.9,1461.1,36.46,24.94,1
660.7,1362.1,65.05,3.0,2
2518.7,493.2,32.68,32.34,1
2141.5,414.5,37.16,38.48,1
3898.1,315.6,22.43,73.81,0
0.0,1094.2,91.78,5.32,2
1612.6,4178.9,58.67,17.08,2
2896.0,479.5,24.0,59.17,1
1245.1,3025.4,82.57,13.46,2
1188.9,2317.1,55.24,10.88,2
3519.2,130.5,25.08,50.22,0
2278.2,1995.8,40.53,27.16,1
2846.0,270.1,35.45,39.48,1
2528.4,360.5,40.75,50.85,1
4095.0,178.5,27.94,51.41,0
3372.2,747.4628124679003,28.735597299832527,69.11531767728988,0
2536.5,1573.1,32.91,14.82,1
394.9,1957.6,83.13,23.21,2
2308.2,770.3,27.65,35.05,1
2041.9,723.2,34.71,33.41,1
527.8,887.5,75.97,32.87,2
3682.8,302.5,30.43,57.27,0
2640.3,258.9,18.21,57.08,0
3289.5,67.5,26.82,54.52,0
2481.2,293.4,32.7,75.0,1
3103.8,215.5,28.64,35.73,0
854.7,3783.4,71.68,44.81,2
303.8,1026.2,43.96,23.83,2
465.1,2663.2,74.37,17.93,2
3074.2,375.9,25.34,48.62,0
3527.2,39.7,23.84,41.83,0
403.8,3787.8,68.2,19.9,2
2164.2,78.7,23.59,66.97,0
2254.5,281.3,33.53,72.97,1
2684.6,692.2,36.92,40.67,1
2525.8,469.3,46.4,48.07,1
1578.6,375.1,35.02,51.42,1
3389.9,708.5,31.29,23.16,1
741.0,896.5,59.85,33.95,2
3673.5,73.8,23.19,70.0,0
3505.5,539.3,17.67,87.93,0
860.6,1306.9,51.24,12.0,2
3500.3,102.6,25.98,58.2,0
3387.5,383.5,30.86,49.55,0
3144.4,599.1023537804579,31.455545148708353,60.25,0
2687.6,89.6,22.9,62.85,0
2755.5,154.9,45.7,61.62,1
2847.1,47.1,22.51,56.87,0
985.8,2357.7,75.14,14.75,2
1976.0,401.6,32.02,43.24,1
3779.5,175.5,26.21,56.23,0
1157.3,3046.5,58.78,33.14,2
1614.1,878.1,34.12,12.33,1
2016.4,297.0,45.44,15.76,1
2603.5,123.4,28.01,58.1,0
2478.4,551.6,44.08,39.38,1
1892.5,1047.3,29.25,52.75,1
1339.0,815.3,65.35,13.53,2
2256.0,584.7,32.58,43.0,1
2732.1,150.0,33.45,45.63,1
3236.2,88.5,22.86,41.78,0
2678.4,346.0,29.36,36.22,1
3112.1,216.5,24.72,26.83,0
3629.6,228.1,14.69,52.35,0
3489.8,48.2,21.1,70.3,0
3454.3,70.7,22.99,52.25,0
3397.6,150.0,41.83,38.0,1
3736.3,264.2,20.82,41.97,0
2613.1,562.8,33.54,26.35,1
2471.4,788.1,43.14,47.58,1
2688.9,1016.1,37.36,37.34,1
866.7,1964.2,95.79,28.34,2
2941.0,211.3,28.3,14.44,1
3606.7,381.3,25.98,60.6,0
888.9,2551.3,69.96,34.81,2
3349.9,219.8,31.96,56.82,0
1048.5,1038.1,44.72,21.5,2
566.9,4092.4,35.0,22.55,2
3347.2,258.8,24.54,19.28,1
633.4,4307.9,37.08,35.22,2
3488.2,94.1,21.07,49.63,0
2652.3,495.5,33.45,47.76,1
2170.7,408.7,36.34,24.05,1
3100.3,96.8,21.14,74.3,0
4095.0,223.2,17.65,32.05,0
3200.2,355.2,18.88,44.01,0
1399.2,318.1,29.08,53.0,1
3588.7,374.6,20.59,15.0,0
2352.8,951.7,34.15,38.6,1
1224.2,2912.8,48.59,9.54,2
3332.8,115.1,15.34,51.51,0
3196.0,8.4,32.22,38.14,0
1849.2,709.6,46.61,32.59,1
3301.3,75.0,23.87,69.77,0
3206.1,613.6,29.22,47.12,0
1218.2,2184.8,69.35,29.87,2
2886.7,763.6,40.21,40.15,1
1764.8,2701.1,35.0,9.77,2
4095.0,294.9,19.28,40.41,0
3609.8,265.7,18.94,72.21,0
0.0,2795.7,45.89,20.55,2
900.0,246.6,37.02,34.85,1
3512.2,365.5,29.14,66.24,0
537.9,1451.5,48.96,33.56,2
3290.2,35.0,27.41,62.1,0
3424.4,8716.749652323893,19.49,79.09,0
2076.7,411.5,26.37,43.08,1
3634.4,287.7,20.89,52.0,0
4095.0,114.9,18.84,29.35,0
2251.6,1889.3,44.96,58.85,1
732.8,5362.6,43.34,8.55,2
568.2,772.7,66.07,26.58,2
3645.5,181.0,26.23,45.91,0
3849.8,347.1,21.29,74.92,0
1932.6,798.0,27.02,32.78,1
1951.5,712.4,24.0,60.49,1
3636.9,31.2,35.26,44.29,0
3460.0,67.5,22.38,37.19,0
3755.8,274.6,24.44,59.82,0
2819.7,592.7,30.46,32.52,1
983.7,7194.5,73.76,21.35,2
1027.0,1384.0,71.55,12.41,2
863.7,700.0,40.03,26.44,2
1058.6,2374.2,42.32,10.85,2
2085.9,806.8,36.54,34.49,1
1036.7,790.8,35.0,3.0,2
3306.6,174.4,19.02,53.31,0
554.1,820.1,62.39,28.71,2
52.7,700.0,56.43,20.67,2
2141.3,588.8,37.69,33.27,1
474.4,1475.4,57.57,18.37,2
2458.9,1817.0,24.0,33.11,1
3319.0,955.7,47.58,61.21,1
2921.4,237.6,33.28,39.37,1
1746.4,349.2,35.26,28.45,1
3463.2,744.4626171871971,35.8176609625897,67.56,0
4095.0,532.7,23.66,63.32,0
2162.3,640.5,41.79,51.93,1
2631.8,2121.9,24.2,42.15,1
622.1,700.0,60.89,27.22,2
2967.7,750.2,45.8,31.36,1
3723.6,83.7,24.43,69.19,0
466.4,1547.2,47.62,16.77,2
1102.1,2574.5,35.0,33.28,2
175.1,700.0,35.0,15.35,2
3575.3,547.4,22.2,47.5,0
1930.0,1046.6,35.44,71.36,1
625.1,1791.7,68.05,5.0,2
3377.6,437.5,31.85,35.78,1
359.6,860.4,75.45,17.59,2
2779.2,1698.7,31.0,51.55,1
933.7,708.3,67.44,14.74,2
496.3,1369.9,49.0,30.69,2
2908.8,99.7,22.17,59.01,0
2387.1,467.4,24.0,42.39,1
3705.3,448.7,18.33,60.82,0
1253.4,1785.7,41.54,18.8,2
3562.0,64.5,26.03,46.13,0
3127.5,235.7,27.29,52.13,0
1759.3,2053.0,39.22,26.76,1
2378.8,599.7,39.92,44.19,1
1083.8,230.4,26.83,30.79,1
1662.0,1112.1,41.39,23.21,1
333.0,2037.6,76.28,10.07,2
716.6,2936.0,64.01,27.36,2
1571.4,802.2,40.52,35.41,1
1051.2,1149.5,72.92,28.17,2
2844.7,56.6,19.65,54.34,0
822.1,1656.3,77.03,25.36,2
2654.3,933.5,48.91,40.31,1
1631.6,239.7,24.0,59.04,1
2649.8,581.7,24.0,54.59,1
2187.9,163.9,25.66,47.88,0
2497.4,679.3,35.73,58.55,1
2202.8,200.6,24.33,27.72,1
2676.0,463.6,24.93,57.88,0
4095.0,122.3,16.27,72.82,0
1790.4,150.0,27.36,57.76,1
2228.7,384.3,39.2,31.71,1
1533.7,725.3,26.0,44.54,1
4095.0,147.9,20.05,66.29,0
378.1,1315.8,46.3,3.0,2
2876.5,77.5,29.68,63.69,0
2848.5,481.2,37.89,35.92,1
3526.7,150.0,37.09,57.71,1
405.4,1737.1,96.02,33.13,2
1062.5,2327.8,48.98,20.05,2
2897.0,91.6,24.47,45.94,0
1319.4,2200.0,33.62,65.74,1
2420.2,357.4,24.65,51.85,0
501.9,5338.0,77.75,29.85,2
1166.9,2653.7,45.29,20.72,2
3719.3,238.1,16.91,59.16,0
3367.9,526.7,40.16,44.51,1
3066.0,940.7,25.63,40.82,1
3528.8,394.9,26.03,44.66,1
1603.6,1139.6,27.71,64.97,1
0.0,1177.7,81.01,14.23,2
3113.2,587.2,24.0,43.01,1
2758.5,511.1523603394174,34.55306558692078,60.08,0
3676.2,174.5,35.92,41.85,0
1326.6,5477.3,38.0,29.67,2
2887.8,51.4,32.37,71.32,0
4095.0,372.8,30.7,65.07,0
582.5,2386.5,59.25,28.64,2
3773.1,184.4,20.08,50.88,0
3231.5,95.1,19.92,71.81,0
3468.3,27.3,20.99,50.27,0
3721.4,126.8,13.3,47.57,0
3826.2,180.0,27.14,53.84,0
2828.5,135.7,25.25,33.15,0
1637.7,762.1,25.41,52.09,1
518.4,5175.3,57.95,35.76,2
287.5,1128.9,62.53,27.99,2
746.9,4135.8,103.59,17.7,2
1542.9,1321.3,97.64,12.14,2
2792.9,174.5,30.94,49.77,0
1820.4,1225.6,41.85,35.05,1
878.6,1243.7,41.25,27.14,2
1261.9,1327.8,48.51,9.68,2
3189.7,148.0,22.72,75.48,0
2866.1,158.4,29.3,51.03,0
1059.1,3156.8,81.58,11.93,2
3511.9,235.3,23.21,52.96,0
1072.1,3500.5,74.46,3.58,2
3460.1,333.3,32.21,42.58,0
1682.3,339.7,49.37,55.43,1
3075.4,20.0,28.84,34.92,0
1949.7,495.5,34.3,38.42,1
3111.7,619.9540263215105,35.68296296548721,53.15,0
3010.0,1082.7,42.93,57.97,1
3984.6,39.9,21.88,61.75,0
4095.0,185.2,25.04,71.16,0
124.5,3648.5,99.61,6.2,2
420.3,2290.5,76.98,47.04,2
2950.0,247.8,39.53,33.54,1
207.4,936.5,49.62,19.15,2
1526.5,3565.5,88.99,32.46,2
3497.9,49.7,22.16,65.4,0
3599.6,156.8,17.08,59.5,0
2875.8,1184.4,34.69,41.74,1
557.7,3371.1,92.9,28.76,2
234.4,712.5,42.3,25.59,2
2188.1,162.8,23.99,87.03,0
1315.2,2978.3,41.83,31.65,2
2487.4,600.3,24.0,51.96,1
3335.1,745.6318318811998,35.381982681099885,54.0,0
4095.0,149.3,22.06,52.85,0
228.6,700.0,49.98,27.77,2
3170.3,300.4,27.86,40.56,0
0.0,960.1,58.69,25.54,2
2482.5,781.8,38.06,52.95,1
766.9,3810.9,62.99,21.07,2
3642.8,243.8,38.68,28.74,1
700.7,2777.1,51.6,6.94,2
4095.0,205.4,22.22,61.72,0
2905.7,576.5,35.09,41.84,1
3194.6,205.4,23.51,48.31,0
3098.9,150.4,22.55,45.25,0
2642.4,117.8,21.09,54.34,0
1626.4,700.0,48.3,35.54,2
3890.9,525.8,22.53,41.68,0
2868.8,131.4,21.29,36.78,0
3656.8,175.3,25.21,85.29,0
2622.2,202.2,29.64,31.31,1
3078.2,144.6,27.74,56.2,0
3664.8,14.3,23.0,34.99,0
406.8,2079.2,54.73,25.35,2
3675.0,519.9238862242236,28.13277746267981,48.33,0
3252.7259826386517,2255.6,52.84,25.35,2
1186.0,423.1,47.12,33.3,1
826.3,1248.8,36.97,32.41,2
2835.5,253.4,23.98,62.17,0
3381.5,47.9,37.11,41.16,0
911.8,1598.6,81.57,23.912311175204565,2
1661.0,1723.2,71.79,12.87,2
0.0,2410.6,86.57,4.26,2
2486.4,517.0,45.18,43.27,1
56.5,2704.6,72.35,0.0,2
1606.1,150.0,54.86,53.14,1
2081.1,2496.2,70.78,28.05,2
4095.0,173.6,20.66,95.0,0
3215.2,214.9,17.06,50.39,0
3277.3,42.0,24.67,44.14,0
0.0,4596.2,57.76,22.56,2
414.6,3489.4,51.71,18.0,2
4095.0,197.6,19.31,64.47,0
2643.1,522.7,18.3,53.08,0
3134.6,93.4,22.2,70.91,0
2759.8,145.4,26.5,70.79,0
3800.0,577.2,38.59,48.37,1
3050.9,362.4,37.8,35.44,1
1999.0,2068.5,24.0,28.16,1
3620.9,738.3,28.38,26.04,1
1868.8,455.4,33.88,42.61,1
3034.8,81.5,24.87,36.22,0
876.5,829.5,49.67,20.32,2
3286.8,818.7602003130421,35.4222201453389,49.36,0
724.3,866.8,68.32,28.92,2
664.1,1276.9,64.18,22.44,2
1078.1,4900.2,78.56,23.15,2
1887.7,186.5,39.83,26.37,1
772.5,1982.8,53.32,30.82,2
0.0,700.0,94.2,6.18,2
3557.1,259.6,28.29,51.97,0
860.1,2498.3,43.0,5.63,2
2656.2,308.1,46.74,29.49,1
3569.2,308.5,15.98,61.36,0
3564.4,75.5,23.21,75.81,0
2611.138789233968,1406.2,36.06,27.06,1
3364.2,18.6,26.37,58.12,0
545.2,3792.0,52.18,23.01,2
815.7,2401.9,88.77,43.42,2
3912.0,8905.090623526035,15.95,77.97,0
2352.4,703.9,36.81,56.46,1
4095.0,291.0,23.26,48.94,0
2137.3,400.4,34.12,39.52,1
523.4,1987.4,55.32,13.57,2
2169.4,150.0,24.0,39.96,1
3563.1,306.0,23.06,61.0,0
776.6,3017.6,36.0,32.64,2
2218.1,1091.3,24.0,60.43,1
3423.7,198.8,18.63,66.39,0
2624.2,305.6,40.15,55.86,1
2147.3,640.6,50.39,51.5,1
2499.9,270.4,46.13,56.27,1
3550.0,150.0,33.06,36.33,1
2636.6,1193.0,28.01,35.53,1
1366.7,2577.8,37.87,18.95,2
1138.0,1651.2,51.0,21.89,2
2611.8,367.3,25.91,59.72,0
395.5,1006.0,52.5,18.03,2
647.9,3335.8,74.53,16.3,2
2537.5,4193.146638037251,26.25,43.46,0
2185.3,781.5,37.45,51.45,1
634.4,4327.6,37.03,27.19,2
134.0,1967.5,70.46,3.0,2
2472.1,150.0,43.74,50.09,1
89.3,1720.6,78.37,29.62,2
3768.4,118.0,22.22,41.58,0
843.0,700.0,61.88,31.85,2
4052.2,186.6,26.49,58.22,0
2900.4,259.8,35.08,29.25,1
4078.1,186.5,25.14,46.67,0
3455.6,952.8,44.23,44.75,1
762.2,1217.4,98.25,46.27,2
813.9,2264.0,81.47,26.6,2
2787.0,8479.891528700082,33.38,21.35,1
237.0,3620.1,75.32,25.48,2
2242.2,928.1,35.25,19.45,1
2224.1,288.9,46.69,34.69,1
2853.8,111.1,24.06,37.02,0
431.5,700.0,35.18,37.34,2
3355.8,236.3,18.54,54.78,0
1290.9,2505.6,62.87,27.34,2
1929.8,607.2,25.69,73.51087598402503,0
0.0,1099.7,94.22,23.37,2
3135.1,397.6,24.57,56.74,0
2162.0,952.4,34.22,51.11,1
499.4,1990.5,61.02,23.16,2
3696.3,227.8,16.52,51.05,0
3227.2,458.4,24.0,44.69,1
4095.0,58.3,32.98,59.75,0
2509.1,1297.0,44.7,46.7,1
2037.4,1555.4,31.75,41.11,1
1133.9,950.7,69.74,19.91,2
731.4,700.0,40.73,49.34,2
1475.2,780.4,35.0,28.06,2
3352.0,172.8,25.44,54.21,0
2339.1,433.8,27.47,50.0,0
4095.0,91.2,21.23,48.81,0
1917.1,590.3,36.03,50.62,1
2416.7,150.0,31.39,33.12,1
3879.6,38.8,28.4,44.58,0
752.4,700.0,64.27,18.08,2
296.5,1415.6,35.55,18.45,2
2579.2,451.3,24.23,8.37,1
1635.2,303.5,34.12,50.85,1
3356.4,457.5,38.57,30.76,1
3876.6,410.4,19.77,38.89,0
3456.6,97.1,22.59,39.64,0
2386.7,1077.4,29.73,37.16,1
3903.1,308.3,20.24,49.32,0
1140.4,150.0,36.72,44.16,1
4095.0,77.6,16.67,36.59,0
2091.9,150.0,31.45,50.45,1
3074.1,662.703434865218,32.93554966189258,51.76,0
4019.1,153.1,28.39,58.78,0
3539.5,371.8,28.87,70.15,0
2369.4,377.6,26.18,50.3,1
1839.2,2734.7,60.8,21.9,2
45.1,1631.6,53.12,13.21,2
2971.4,851.7583910663134,30.099340241985207,48.2,0
3675.7,120.3,24.85,68.47,0
787.1,1076.2,43.93,28.57,2
3590.2,150.0,35.12,43.74,1
1261.4,150.0,28.62,48.91,1
758.0,2745.6,64.51,30.79,2
3099.3,225.8,22.38,34.66,0
0.0,1102.2,70.11,36.93,2
2510.1,1876.4,32.05,30.53,1
303.9,1625.3,75.54,23.02,2
3688.3,835.9412465826963,28.811617640129107,68.82,0
102.1,5231.3,48.47,27.17,2
3643.3,353.1,28.42,50.67,0
3787.3,381.8,28.09,42.0,0
3207.3,700.0,28.35,64.88,0
4095.0,125.1,18.94,42.29757325758192,0
0.0,2341.7,50.71,32.83,2
3429.1,223.0,25.16,83.52,0
2461.9,308.2,28.75,52.45,1
0.0,2137.1,46.74,17.07,2
3800.0,592.1,33.73,28.13,1
3347.8,185.6,15.75,49.79,0
3403.2,138.6,27.7,46.89,0
3530.2,284.1,21.84,40.58,0
215.4,4592.5,59.59,19.46,2
340.5,3585.4,62.06,10.97,2
1312.6,207.2,28.85,41.95,1
3097.1,407.2,28.45,52.15,0
1528.3,715.5,41.66,42.53,1
2089.6,719.7,24.0,34.51,1
776.4,3793.3,66.19,15.16,2
1818.1,307.8,44.35,32.78,1
3036.0,692.4259540305615,29.33655364734504,45.5,0
1426.6,150.0,31.17,52.71,1
3132.0,307.6,22.14,63.38,0
2309.6,1370.6,29.94,45.35,1
420.8,1684.9,35.0,15.45,2
355.0,1511.8,84.27,5.02,2
186.0,1847.9,40.72,9.02,2
455.3,700.0,37.0,22.24,2
3606.9,38.5,25.77,42.89,0
3254.9,291.2,20.39,50.66,0
1780.9,2200.0,24.0,55.1,1
3118.9,214.7,31.09,64.26,0
1012.0,1806.0,65.11,34.38,2
4095.0,381.5,20.68,54.62,0
1282.4,1496.4,76.88,31.24,2
3459.8,245.4,21.23,58.59,0
3058.9,188.5,27.76,45.09,1
1311.8,559.9,39.47,59.91,1
2706.9,446.2,39.72,42.08,1
3387.8,154.4,23.52,76.91,0
3649.0,22.0,16.37,66.59,0
4082.4149234752576,506.4,49.0,22.41,1
2902.6,338.8,35.66,53.94,1
162.7,1347.5,64.82,25.77,2
2133.3,608.2,41.01,38.25,1
2553.8,1202.5,30.45,32.69,1
1681.2,2444.2,81.92,31.89,2
3087.6,256.4,25.35,55.27,0
3032.2,206.2,16.37,43.99,0
2898.5,691.0,40.38,51.16,1
3024.1,47.7,20.01,72.52,0
3245.4,360.2,27.61,81.54,0
1609.1,3579.1,58.18,18.82,2
3644.7,283.0,25.61,49.66,0
863.5,1369.2,84.23,44.2,2
3007.5,578.3,35.0,39.73,1
2864.0,337.8,28.16,42.46,1
2986.3,261.1,28.08,30.49,1
1070.0,1041.4,62.3,9.37,2
404.3416862924505,3068.3,67.18,31.63,2
973.2,700.0,57.69,30.53,2
767.2,1119.2,62.03,22.19,2
3000.7,665.8,51.39,47.43,1
1983.6,168.8,38.74,8.0,1
3165.3,328.2,26.17,56.19,0
3796.7,541.7,25.39,61.58,0
1140.0,884.7,46.08,47.32,1
2499.0,432.8,24.92,42.71,0
3517.8,99.9,22.76,64.64,0
2905.2,99.7,21.44,45.97,0
2370.9,893.6,41.86,43.2,1
1132.4,3172.3,53.76,27.41,2
2917.5,96.4,25.92,50.52,0
2871.1,244.6,29.54,43.63,0
3726.2,97.3,24.33,61.12,0
2660.7,282.6,10.0,63.17,0
2507.0,2076.6,33.89,51.6,1
3313.7,141.3,24.7,53.23,0
1951.9,76.0,22.12,74.14,0
4090.0,171.2,23.62,57.57,0
3103.8,61.7,20.52,59.84,0
395.6,3092.8,75.34,13.21,2
442.2,2457.6,44.92,28.1,2
3980.9,94.6,20.49,44.84,0
2413.0,455.1,41.71,27.8,1
2801.9,700.0,28.72,78.37,0
1782.9,3140.6,35.0,21.84,2
2596.4,1223.1,25.48,38.08,1
189.2,1420.9,47.13,15.2,2
3733.5,415.1,34.43,41.82,1
3925.3,566.8788930435596,30.22307217891135,57.14,0
1970.5,530.4,48.51,47.62,1
2252.2,832.7,49.48,29.96,1
3703.0,107.9,27.89,50.6,0
1099.6,1612.2,43.77,8.42,2
112.9,5925.5,77.56,19.78,2
1505.5,714.8,24.0,16.49,1
1660.3,799.6,75.07,30.41,2
3841.6,125.5,23.54,42.03,0
185.1,4207.1,43.17,12.11,2
3497.4,404.1,24.46,58.37,0
1252.5,3238.8,49.21,18.03,2
119.6,4938.7,71.12,10.14,2
2877.6,512.3,46.06,8.0,1
2744.1,331.8,30.36,64.57,0
1072.9,700.0,48.01,18.16,2
1035.8,2158.3,46.59,22.64,2
2748.1,1626.9,29.27,40.71,1
0.0,2850.9,70.89,24.32,2
1869.9,1394.5,26.96,26.43,1
244.7,7501.164001742548,75.6,28.0,2
3022.3,50.4,23.99,67.91,0
1000.8,711.8,79.53,23.18,2
4083.4,261.0,22.62,85.2,0
2438.9,734.6,34.1,58.08,1
216.5,967.0,41.95,29.7,2
3553.6,99.9,23.37,40.36,0
3705.2,370.0,29.43,72.09,0
2108.5,150.0,31.08,45.14,1
1740.8,877.5,44.82,48.73,1
2143.2,408.9,36.42,26.76,1
1576.4,485.5,33.77,49.72,1
2051.8,317.4,35.71,24.69,1
372.8,700.0,97.54,30.97,2
2229.4,1135.4,24.82,59.16,1
2787.3,1178.0,32.16,58.09,1
3003.7,159.7,18.93,46.05,0
1025.6,2587.1,40.17,22.31,2
3517.8,156.2,34.18,32.38,1
3216.6,32.7,19.65,64.29,0
2207.6,405.2,32.84,12.41,1
0.0,2370.5,42.84,27.44,2
3259.7,119.5,17.44,55.5,0
2438.4,533.8,44.4,41.79,1
915.5,4683.9,45.02,14.34,2
3213.5,444.8,24.0,8.0,1
1835.6,413.1,34.23,48.95,1
1463.4,2735.9,48.93,13.77,2
908.0,4497.2,60.48,17.89,2
247.0,2077.0,77.83,22.61,2
3892.9,129.5,28.08,77.43,0
1897.5,1278.8,24.0,32.74,1
3061.4,286.2,26.41,57.39,0
2660.3,393.9,24.08,57.2,1
126.2,1030.5,70.27,30.5,2
900.0,161.2,47.19,37.48,1
4095.0,24.6,17.9,67.19,0
2276.7,828.5,25.88,29.92,1
632.8,700.0,43.59,25.98,2
839.1,700.0,59.39,30.64,2
426.0,908.7,35.0,21.4,2
1510.6,1543.2,27.29,57.26,1
3073.3,93.0,18.44,30.37,0
428.0,1449.0,81.01,34.86,2
2449.3,779.1,33.76,22.2,1
3869.1,51.5,20.87,48.9,0
2810.5,187.8,26.82,63.83,0
0.0,4857.9,107.62,21.39,2
0.0,5477.9,38.58,26.23,2
3111.5768758782283,251.1,31.72,52.41,0
2066.4,1319.9,44.26,33.57,1
3554.9,597.4,24.05,53.64,0
572.7,1026.81524495948,59.73,21.92,2
2466.7,104.1,23.66,47.18,0
824.6,3939.7,70.82,25.13,2
3587.0,128.8,21.33,41.12,0
1012.4,2609.2,80.25,9.33,2
1649.0,3249.3,86.11,21.4,2
3177.9,249.6,19.74,43.4,0
3273.8,163.7,29.05,59.02,0
3410.5,176.3,19.61,80.65,0
0.0,2729.9,66.73,22.95,2
1727.4,659.7,34.12,37.16,1
3548.5,237.3,15.26,69.38,0
264.1,700.0,82.13,23.19,2
3479.9,242.0,16.4,65.77,0
3295.9,283.7,17.54,53.83,0
3652.0,331.4,20.94,40.14,0
458.2,2572.9,57.07,18.12,2
598.3,721.5,83.01,9.51,2
2692.7,216.3,40.7,49.78,1
3979.7,295.0,21.85,42.4,0
3313.5,67.4,15.39,43.56,0
3232.6,74.2,25.6,42.46,0
1131.2,941.2,35.0,4.26,2
2696.8,6247.671102875383,26.38,69.47,0
1489.7,700.0,64.08,19.01,2
3197.3,436.3,41.18,42.54,1
3429.6,210.9,20.98,81.0,0
900.0,280.8,31.14,21.76,1
3986.6,547.6,24.88,71.03,0
1942.2,2916.7,75.73,3.0,2
3923.5,432.15266017547333,32.17476013811283,71.58,0
325.6,1968.7,60.17,30.57,2
3678.1,144.0,27.92,39.45,0
1133.9,2772.9,46.88,23.19,2
3204.1,327.9,29.0,44.92,0
335.8,2566.6,66.15,14.57,2
3313.5,242.7,27.41,55.59,0
623.6,700.0,40.01,44.54,2
3049.8,396.7,40.02,39.92,1
1442.5,406.7,34.46,38.28,1
2032.7,567.6,31.93,34.0,1
613.0,1900.7,62.99,32.36,2
1911.4181453598949,2038.6,76.92,34.55,2
3065.9,425.1,25.17,56.13,0
2436.7,707.3,33.07,43.22,1
3100.3,150.8,27.62,48.27,0
2508.5,1340.2,38.38,12.02,1
3334.4,148.8,29.22,82.17,0
2428.6,339.4,35.8,53.79,1
3275.5,326.2,24.64,46.85,0
4027.9,459.1,19.84,42.02,0
4095.0,237.4,22.0,44.67,0
3673.4,102.1,23.96,90.4,0
3580.1,555.2,33.69,20.1,1
485.1,2805.1,63.54,35.97,2
3693.4,105.7,23.89,56.13,0
3228.6,747.0385427364242,32.42490031339181,43.78,0
297.3,928.3,67.41,16.04,2
3390.3,154.9,21.59,44.17,0
3800.0,1343.8,34.08,38.94,1
2294.3,150.0,24.64,27.38,1
3076.7,459.6,27.53,39.94,0
3367.9,225.9,25.15,57.4,0
2595.5,907.6,37.44,30.28,1
3358.7,306.1,22.47,70.19,0
4095.0,38.8,21.65,54.63,0
1565.5,150.0,30.45,59.55,1
2957.7,865.1,24.0,26.27,1
3690.4,151.3,24.0,35.41,1
3040.4,147.3,27.23,54.3,0
2912.1,476.2,20.3,70.46,0
703.6,865.2,61.95,21.79,2
449.8,700.0,78.49,15.1,2
3330.2,172.3,29.62,65.56,0
1821.3,1050.7,79.39,15.68,2
2254.3,251.9,28.83,63.64,1
3315.9,195.3,21.93,58.24,0
3171.5,230.5,15.86,51.4,0
2892.4,613.0,36.09,41.26,1
682.7,1414.2,51.84,22.05,2
2422.9,262.3,24.75,54.66,1
2553.5,220.1,21.81,56.69,0
3264.4,91.0,21.45,61.62,0
0.0,700.0,48.63,24.8,2
3529.9,213.1,21.53,43.15,0
2980.1,73.5,25.22,71.05,0
3108.5,193.1,23.2,50.98,0
3359.6,185.9,18.47,23.46,0
1804.4,840.6,67.42,38.04,2
2945.3,150.4,25.96,63.85,0
698.7,1212.6,41.31,6.24,2
3372.2,376.2,24.11,53.05,0
1194.0,2647.2,53.48,36.03,2
3204.2,109.5,19.43,37.24,0
3989.6,286.7,25.56,43.36,0
2342.4,1115.3,28.98,25.42,1
2814.9,566.1512791092596,31.8953584439203,89.94,0
1637.7,307.8,29.39,19.35,1
6.6,1677.4,41.99,15.89,2
857.0,2601.7,35.65,13.93,2
3013.6,243.2,21.29,58.93,0
1521.7,700.0,61.06,19.69,2
3312.5,109.9,31.62,68.17,0
2316.3,859.2,24.0,20.87,1
4095.0,101.7,22.07,63.19,0
2914.2,248.0,24.21,71.26,0
1053.6,2106.2,35.0,24.68,2
2930.1,167.2,24.22,67.66,0
2416.8,146.7,21.21,35.24,0
252.5,2839.5,65.56,21.5,2
4082.1,223.4,31.06,67.6,0
3936.3,125.5,21.55,58.03,0
680.8,3918.9,56.61,26.69,2
987.7,490.7,33.17,22.68,1
2209.2,1150.3,33.1,45.49,1
857.5,3354.6,69.67,8.43,2
781.9,4396.0,56.43,10.81,2
363.2,2040.7,43.09,29.41,2
623.6,700.0,47.24,3.0,2
2579.6,712.7,31.61,22.04,1
2977.1,692.9,24.0,29.67,1
2602.6,265.2,14.82,50.52,0
3566.2,509.7,24.02,63.22,0
864.9,700.0,77.4,21.93,2
3656.6,181.3,17.89,42.52,0
4095.0,24.9,27.95,63.06,0
2506.6,351.5,30.49,13.46,1
3429.8,405.1,17.62,68.69,0
1119.8,2839.5,51.28,20.95,2
2179.7,264.6,31.56,57.07,1
1047.9,889.5,29.74,30.89,1
1158.2,3459.9,118.86,10.46,2
2519.6,195.1,17.35,60.34,0
2972.0,316.9,22.17,48.84,0
1463.4,701.0,29.5,48.65,1
2214.2,1023.2,31.56,50.98,1
691.7,2321.5,59.52,29.18,2
3308.6,55.5,32.24,50.27,0
979.6,1126.2,71.52,24.93,2
1975.7,568.0,46.8,45.46,1
1944.4,875.1,28.23,46.01,1
2899.2,525.8542429879842,29.005071055303468,69.13,0
1632.0,1016.6,26.58,48.22,1
2997.1,118.6,25.59,59.56,0
0.0,2783.0,58.7,24.11,2
4095.0,299.9,26.62,72.29,0
3789.8,231.2,22.31,80.97,0
3657.5,116.0,31.46,50.84,0
843.9,700.0,43.14,27.07,2
1157.7,3004.6,59.96,18.51,2
4084.3,155.6,30.15,44.87,0
1166.2,4629.7,53.08,24.02,2
2689.1,333.0,25.3,69.72,0
1222.8,2362.6,44.47,16.24,2
3088.1,318.6,26.96,56.78,0
1453.5,2277.2,39.49,25.14,2
2440.6,577.5,26.86,55.16,0
2059.2,1293.1,30.05,64.65,1
395.3,3778.4,82.7,23.26,2
1569.6,341.3,28.78,43.53,1
2617.9,728.0,43.56,46.88,1
3043.4,902.2,39.91,45.48,1
3452.1,286.0,20.37,57.06,0
3084.1,422.7,36.16,41.95,1
2260.5,282.9,28.68,42.69,1
2381.6,627.1,33.25,39.47,1
2100.7,245.7,31.77,37.8,1
825.4,700.0,57.55,16.5,2
827.3,2052.3,69.63,25.73,2
1807.8,510.8,37.82,28.8,1
2016.7,1948.6,39.31,21.45,1
2536.0,1045.7,26.54,32.67,1
986.6,1242.2,42.35,21.014576888316448,2
2802.1,113.1,24.11,75.87,0
2709.9,281.5,26.65,47.23,0
177.4,700.0,79.56,7.3,2
3986.4,296.2,27.1,52.92,0
1934.3,247.0,40.36,42.13,1
3487.3,104.5,23.78,55.14,0
2212.1,172.9,26.08,52.19,1
3254.2,50.9,21.18,57.84,0
3426.9,366.9,28.09,55.44,1
3954.4,49.3,25.94,77.29,0
2187.0,384.3,40.36,34.87,1
3642.4,105.1,28.15,55.46,0
2724.2,202.6,27.89,89.5,0
2681.2,606.3,39.56,56.25,1
3490.9,232.9,23.73,58.26,0
4095.0,289.6,28.77,82.79,0
0.0,1078.4,80.63,21.66,2
2943.5,741.3,25.43,42.1,1
1106.2,1346.0,70.59,21.5,2
0.0,4745.7,53.84,11.98,2
2177.3,150.0,24.66,42.44,1
1048.5,2986.8,47.17,35.9,2
1576.2,3227.2,70.08,15.59,2
1966.7,279.3,30.22,31.52,1
3874.8,409.2,21.63,53.35,0
1664.0,240.5,25.8,58.8,1
1196.4,3754.8,50.02,3.0,2
52.2,1137.7,43.12,14.91,2
2684.6,294.9,24.82,69.6,0
4095.0,253.1,25.17,64.37,0
1140.3,366.4,30.57,28.57,1
3877.7,85.6,25.9,50.81,0
689.3,4846.8,70.76,7.25,2
2659.5,539.6,47.61,31.89,1
1394.8,2567.8,41.93,34.51,2
3187.9,428.9,36.29,43.84,1
1352.9,2868.6,66.47,28.75,2
1344.7,1141.1,75.56,13.41,2
1477.4,816.6,48.12,21.89,2
3963.4,15.4,24.09,60.86,0
3448.5,56.5,25.28,39.02,0
2648.5,256.6,28.54,58.96,1
2072.2,1337.9,30.05,53.5,1
1821.8,150.0,31.51,60.9,1
2806.9,439.9,31.84,37.75,1
4095.0,110.4,23.70308297556504,60.12,0
3077.4,296.4,26.52,52.37,0
2386.5,272.8,24.0,26.09,1
3173.4,518.6,21.73,55.94,0
1910.9,371.7,39.14,36.5,1
459.0,2140.0,50.26,13.86,2
208.6,1496.2,87.75,29.52,2
3974.6,264.9,24.33,67.59,0
3824.8,130.2,21.73,19.91,0
312.1,5588.1,60.52,12.09,2
3734.8,172.1,22.22,73.71,0
3134.7,66.9,19.6,43.71,0
2870.5,430.3,47.23,53.83,1
4095.0,182.5,19.01,95.0,0
3265.3,260.2,27.3,30.03,0
2589.2,848.5,45.71,70.96,1
2637.2,178.0,26.48,42.35,0
2748.4,410.1,45.42,31.47,1
3406.2,1188.1,24.0,22.58,1
3785.4,556.6,29.69,58.9,0
1642.6,407.0,41.44,51.33,1
3232.7,120.8,27.93,34.04,0
0.0,3123.4,60.91,10.77,2
3406.3,58.1,21.34,63.81,0
334.5,1509.4,35.0,13.44,2
1539.1,574.7,41.19,53.21,1
2618.4,564.0425011818049,34.44165379124132,46.39,0
1818.0,150.0,53.27,54.64,1
2172.7,1190.4,29.4,23.24,1
647.4,826.6,54.49,12.96,2
604.7,700.0,35.0,25.56,2
3109.2,165.2,23.28,42.75,0
3048.6,860.2,28.55,40.58,1
659.3,1051.2,76.62,37.51,2
1189.4,791.7,50.47,4.69,2
717.6,700.0,61.53,11.39,2
3194.1,443.4,16.82,50.92,0
1896.2,2200.0,27.54,50.09,1
515.6,2338.5,44.36,30.01,2
1153.6,3944.8,44.8,41.33,2
0.0,1577.813671127197,45.16,6.37,2
0.0,2290.6,98.79,22.37,2
856.5,2017.9,81.97,30.0,2
3722.6,187.8,26.58,48.47,0
1057.7,1470.9,55.97830577900639,16.08,2
2921.5,493.4,30.3,43.11,1
518.9,2211.4,81.59,34.63,2
3573.2,103.1,27.4,70.71,0
0.0,702.0,45.3,40.84,2
730.1,1552.1,63.49,16.14,2
868.6,2110.5,62.99,8.82,2
1025.2,2942.1,73.52,16.96,2
888.7,3177.3,73.73,33.99,2
2241.6,281.8,34.45,23.14,1
502.7,2679.7,57.6,29.59,2
2058.9,538.6,29.89,28.07,1
1092.6,1823.1,83.28,18.46,2
2190.9,347.8,28.61,50.73,1
4086.8,177.5,20.86,48.42,0
450.4,4728.9,36.19,40.98,2
264.3,943.5,48.09,27.75,2
3094.2,118.3,30.27,60.86,0
788.1,6128.4,59.28,34.13,2
3326.2,261.4,22.12,88.70524594663918,0
3939.3,165.5,25.24,41.38,0
984.9,1209.1,80.69,9.21,2
3112.8,1542.5,37.73,52.24,1
1717.4,1002.6,51.33,69.62,1
0.0,2122.6,47.77,27.49,2
2998.4,124.5,28.75,67.59,0
4095.0,176.9,27.8,52.37,0
711.4,1519.7,66.15,18.69,2
2417.2,1561.4,35.76,21.9,1
964.6,2064.2,44.57,17.47,2
2249.0,152.5,26.04,59.64,0
920.8,1445.1,76.76,18.68,2
2148.7,1073.9,30.63,23.29,1
1029.6,3027.6,61.66,20.72,2
3160.6,400.8,17.46,56.86,0
400.4,1996.8,89.61,18.12,2
1789.1,1968.7,71.31,22.3,2
3316.4,310.6,16.81,57.43,0
1396.7,700.0,79.87,14.9,2
3207.6,924.6,44.42,36.58,1
341.0,909.7,46.13,20.06,2
1248.3,3814.1,64.08,24.93,2
3390.5,87.4,30.98,69.24,0
3858.9,112.7,26.85,50.68,0
3757.0,41.2,24.21,67.69,0
1947.0,302.5,37.03,62.17,1
2614.7,620.2727540386469,28.080846418603006,49.78,0
1664.1,150.0,29.88,19.63,1
1204.1,2007.8,43.81,18.94,2
2861.1,324.4,18.5,64.92,0
2027.5,233.4,45.8,65.51,1
1429.0,2722.4,80.57,19.72,2
3350.6,116.2,26.93,49.82,0
1006.9,1298.9,84.03,31.54,2
0.0,700.0,73.59,18.64,2
1036.4,586.6,46.3,46.48,1
1636.2,2397.9,50.99,22.79,2
1405.4,268.6,31.53,64.46,1
2386.5,540.7,35.58,31.74,1
3623.9,146.7,23.26,52.61,0
324.9,704.1,110.34,21.7,2
2545.5,614.9,35.92,46.0,1
1909.3,606.3,42.13,52.59,1
1954.6,466.9,24.0,17.47,1
3105.3,80.7,20.41,22.56,0
2110.7,1053.3,30.42,41.39,1
3098.0,86.3,19.84,72.7,0
745.7,700.0,35.0,15.58,2
297.2,3345.6,53.33,20.68,2
3135.5,336.9,34.03,55.2,0
3153.1,628.667095133627,34.96591413192375,61.15,0
1068.6,700.0,66.83,29.11,2
1367.6,520.7,41.12,25.76,1
3364.8,425.6,22.73,52.57,0
1031.8,8745.53203677232,58.26,26.79,2
2106.0,604.4,39.82,34.3,1
2944.3,258.0,39.5,23.61,1
1986.2,588.5,45.72,36.75,1
931.1,413.4,27.17,35.36,1
2567.8,1004.1,37.69,48.07,1
621.1,1520.4,35.0,37.34,2
3253.9,661.3,33.33,48.39,1
1973.3,947.1,24.5,40.68,1
2520.1,857.6,38.99,39.42,1
3408.4,505.7,41.39,54.21,1
2614.8,1698.7,36.35,66.48,1
704.1,3972.2,69.05,9.82,2
2375.6,150.0,33.68,47.05,1
260.1,1781.8,88.18,26.13,2
460.5,2303.2,75.19,25.79,2
3325.0,334.5,33.89,79.13,0
855.8,824.2,95.41,27.68,2
2676.0,476.7,21.96,51.22,0
2837.3,262.3,16.79,64.31,0
2372.2,1074.1,41.58,67.95,1
167.5,1271.7,83.84,4.83,2
2647.4,554.3,33.31,37.92,1
1921.4,563.1,41.12,36.66,1
1620.7,1515.1,51.65,35.47,2
0.0,1841.2,62.78,30.82,2
2621.8,575.9,26.33,50.64,1
1439.9,1916.5,81.27,32.99,2
619.9,1309.0,94.12,8.72,2
3156.4,167.3,12.67,48.58,0
4095.0,151.8,22.14,40.0,0
2900.3,304.9,22.68,47.46,0
3981.6,474.3,31.09,51.88,0
3181.6,502.6,43.26,29.61,1
1151.0,2169.9,64.55,30.55,2
0.0,1779.0,99.49,14.07,2
3866.3,109.8,23.74,67.22,0
600.4,1352.1,76.07,30.63,2
3924.5,86.2,22.27,48.8,0
2951.5,441.3,35.99,65.17,1
3357.4,240.7,31.59,39.48,1
4095.0,211.6,25.33,56.95,0
76.2,2476.5,91.18,18.22,2
1091.8,1042.1,59.85,28.74,2
1206.4,1067.8,76.84,37.54,2
1479.4,1701.1,81.59,27.34,2
760.1,700.0,57.78,32.28,2
1439.3,496.5,39.76,34.75,1
2774.2,267.8,19.03,63.1,0
2097.9,337.5,26.65,27.69,1
1271.9,5033.378053369427,36.39,36.11,1
2729.7,813.1,45.26,73.56,1
2440.0,601.9,31.7,33.97,1
2349.7,793.6,25.49,58.68,1
226.6,1845.1,85.79,28.51,2
3132.8,458.6,31.92,8.0,1
3591.0,528.9,22.39,33.11,0
2675.8,462.4,42.85,37.46,1
1877.5,1121.0,33.95,47.74,1
0.0,2069.7,35.0,14.95,2
3669.1,410.3,25.01,33.37,0
1615.7,150.0,44.05,42.02,1
3245.4,5232.5198927805,23.05,53.09,0
997.5,2193.9,56.41,49.64,2
3163.1,94.2,19.12,67.54,0
1289.0,2234.5,53.96,9.18,2
190.7,921.1,50.53,6.198611082400676,2
4095.0,126.4,18.63,34.45,0
4023.9,593.6,23.68,43.48,0
795.0,1795.1,35.0,21.51,2
1758.8,3223.9,49.38,42.11,2
4000.6,254.8,27.9,83.7,0
4095.0,18.0,28.26,35.74,0
0.0,700.0,62.11,28.04,2
2596.3,340.3,24.73,77.6,0
3040.8,25.8,28.24,46.61,0
0.0,2536.8,55.03,19.47,2
2400.9,5.0,25.02,46.56,0
2052.2,150.0,33.39,57.37,1
4095.0,54.2,25.57,45.23,0
2852.8,234.7,28.47,54.88,1
2896.1,772.7,38.82,40.24,1
3304.8,117.3,24.13,56.3,0
1487.9,480.5,37.92,31.37,1
0.0,3834.7,56.13,40.98,2
391.2,2519.9,64.05,31.37,2
2359.6,840.5,39.51,8.0,1
2544.9,76.2,27.63,60.68,0
3915.1,18.1,28.0,65.67,0
3618.2,48.3,22.89,67.61,0
3595.9,765.3852642697448,30.67578021383074,61.09,0
1876.1,150.0,46.11,34.55,1
1812.5,2122.9,26.32,46.7,1
3184.6,1610.6,41.61,55.53,1
747.0,5019.9,59.54,16.27,2
486.3,2075.2,65.99,17.64,2
1562.4,732.9,34.08,58.36,1
2547.9,263.6,35.35,31.75,1
2481.6,546.9,42.83,29.47,1
449.1,2668.9,71.05,20.85,2
2987.3,342.5,25.3,41.87,0
436.5,2801.4,35.0,29.65,2
3677.8,299.8,26.25,44.34,0
3334.2,358.7,30.74,34.15,1
3026.4,298.9,21.2,49.65,0
3875.2,65.1,20.18,52.34,0
1002.4,1061.8,41.52,28.97,2
3550.0,839.1,35.62,66.55,1
3034.3,452.4,42.1,49.15,1
3800.0,234.3,32.68,35.47,1
3485.4,389.0,18.3,57.74,0
3048.4,486.5,29.93,60.76,0
3324.1,87.1,19.75,59.38,0
3104.2,183.8,22.6,61.62,0
0.0,700.0,60.78,6.33,2
1730.5,4318.4,77.42,20.82,2
965.8,2797.8,58.55,27.16,2
3288.3,131.3,24.14,64.22,0
1934.7,4966.7,71.06,26.29,2
0.0,3824.9,39.11,15.4,2
3095.1,91.9,17.95,53.25,0
4095.0,198.2,23.35,64.15,0
3433.5,260.2,26.55,84.66,0
3351.6,79.2,32.36,48.15,0
2334.5,372.9,28.24,42.52,1
3661.4,157.0,20.22,53.91,0
2657.6,591.3,27.08,70.21,0
1055.8,2623.5,59.46,39.66,2
2336.7,980.3,32.49,46.49,1
3891.3,514.7,24.12,47.34,0
1440.2,1390.1,89.63,11.92,2
1792.9,1245.7,42.35,31.76,1
600.2,1103.1,58.03,11.97,2
1169.8,1038.0,79.64,18.62,2
4095.0,373.2,20.95,62.17,0
1859.2,819.2,40.23,53.15,1
133.7,1698.6,43.84,24.49,2
1182.5,2129.8,73.76,35.03,2
2950.1,1033.1,44.15,59.97,1
1373.7,3557.9,58.56,40.32,2
2608.0,140.7,26.4,53.58,0
981.9,2146.2,68.70310977575681,14.88,2
743.8,4308.7,61.76,19.7,2
1972.2,575.9,36.19,75.0,1
2329.6,868.8,43.64,49.72,1
1216.1,3882.0,73.48,19.28,2
3164.5,195.5,19.19,54.77,0
1875.9,700.0,40.71,28.81,2
3509.6,410.2,23.44,55.98,0
2751.5,1040.3,31.87,69.78,1
3928.6,126.2,19.66,47.55,0
405.8,2196.9,45.93122889967471,27.0,2
799.2,944.2,57.56,35.0,2
3355.4,434.95509675291555,35.18232836733687,73.47,0
2649.5,217.7,43.31,32.31,1
1697.3,150.0,42.29,38.21,1
2248.6,631.7,41.13,11.39,1
1684.2,2175.1,83.57,36.52,2
3345.2,109.3,23.46,54.72,0
2809.9,150.0,32.46,11.83,1
2806.2,406.8,27.35,69.37,0
1569.3,1030.0,24.0,32.79,1
1061.1,744.8,31.85,60.78,1
3064.2,356.3,19.55,57.91,0
3081.1,700.0,28.89,61.52,0
2494.6,402.6,24.0,41.6,1
313.7,1713.8,47.45,8.84,2
2093.6,195.3,29.86,59.35,1
3253.2,1389.9,31.74,27.31,1
1205.1,2754.8,60.18,28.85,2
723.2,819.6,69.57,21.19,2
2795.2,115.5,30.59,67.65,0
3800.0,585.1,41.0,23.74,1
1820.1,1162.3,46.1,27.52,2
3036.4,54.2,23.45,88.04,0
1406.5,4986.8,54.25,17.66,2
3641.2,300.9,20.22,68.63,0
2678.7,1467.0,33.32,53.01,1
242.7,4554.2,67.13,17.31,2
3559.9,120.1,23.3,56.01015429034364,0
2328.0,150.0,37.59,47.77,1
3914.6,72.8,24.56,62.26,0
3580.8,138.3,20.72,77.36,0
1071.7,628.9,41.99,25.87,1
2369.0,1027.8,45.69,27.34,1
2688.9,118.3,20.62,55.95,0
2577.3,164.5,22.31,45.26,0
2907.1,146.5,21.37,35.7,0
3227.0,1009.1,24.17,43.97,1
494.2,5347.0,35.0,36.59,2
3099.1,89.9,26.64,71.86,0
2569.5,514.1,22.04,49.36,0
424.3,5366.6,55.22,21.6,2
3444.8,224.9,18.18,39.82,0
4095.0,93.3,23.84,50.33,0
2692.3,46.4,19.87,72.21,0
1452.7,748.8,52.65,55.67,1
2507.1,1029.0,39.8,22.44,1
1940.1,615.5,24.0,24.14,1
0.0,2781.8,65.44,10.9,2
3421.8,571.5,23.19,53.32,0
3164.0,188.6,29.56,53.63,0
2742.7,1029.2,30.69,42.31,1
1027.7,1491.9,97.41,8.99,2
2642.1,55.7,24.2,46.05,0
3124.4,92.4,20.38,51.23,0
4039.2,318.5,26.47,49.04,0
0.0,1783.4,56.31,21.27,2
3362.8,186.1,22.48,50.52,0
1339.0,1981.5,66.96,12.86,2
1196.6,1323.8,49.92,27.8,2
249.1,840.5,40.96,25.37,2
369.1,2638.5,47.61,22.17,2
2134.9,14.9,22.13,54.49,0
2298.6,997.0,35.82,24.77,1
3234.5,716.8,33.7,21.29,1
770.5,1472.4,46.59,8.64,2
572.6,700.0,65.04,28.06,2
3264.5,709.5,37.3,44.82,1
579.8,3373.5,35.0,20.04,2
1901.4,1103.1,45.34,39.53,1
936.5,700.0,35.0,16.33,2
130.9,3595.4,66.33,36.79,2
1503.3,2944.7,78.26,27.83,2
2139.7,1337.6,36.51,44.29,1
3766.3,239.5,24.25,52.98,0
3993.5,168.9,24.82,31.09,0
2380.4,477.5,40.7,8.0,1
2063.3,643.4,24.0,20.66,1
2952.7,136.7,21.92,58.51,0
506.6,547.6896652318467,71.86,21.36,2
1638.6,1321.6,41.76,41.4,1
1062.7,1024.3,74.07,23.31,2
1204.0,935.0,79.72,40.3,2
334.6,700.0,75.24,34.27,2
748.7,1066.6,67.03,26.3,2
605.1,3208.9,35.0,39.31,2
2986.8,291.3,32.27,44.16,1
1061.0,897.0,59.92,22.33,2
3773.218404222179,574.6,35.0,34.5,1
3497.3,282.5,22.82,50.2,0
1369.0,2200.0,34.55,33.32,1
411.3,3929.4,44.67,11.28,2
2978.4,68.9,27.38,48.96,0
2317.9,280.6,38.62,27.62,1
942.4,2705.3,49.69,29.26,2
3331.3,26.3,29.99,67.94,0
1424.6,185.6,27.63,57.08,1
1259.3,150.0,30.29,23.93,1
2895.1,135.3,16.92,45.55,0
311.5,3670.5,60.16,16.7,2
2056.0,310.1,49.62,31.56,1
3259.1,786.5253583870294,34.8291937939219,34.96,0
440.2,2022.8,63.48,3.0,2
3544.3,309.7,27.57,29.3,0
2548.3,115.0,24.57,62.36,0
3337.1,168.1,32.14,32.23,0
588.7,766.7,89.11,8.92,2
2268.6,150.0,41.99,64.69,1
2638.4,691.138099351313,29.142709735133433,73.78,0
712.1,1706.2,52.42,22.18,2
302.1,1425.7,65.3,13.54,2
1391.7,775.3,82.51,3.0,2
1441.7,553.9,38.14,43.54,1
162.5,2305.6,35.0,10.08,2
3368.7,528.3,28.67,82.76,0
1955.5,710.3,27.97,62.27,1
1768.4,922.5,36.55,44.21,1
4095.0,381.1,21.99,78.47,0
722.9,700.0,65.99,23.66,2
1572.1,542.8,27.68,42.71,1
3521.0,452.4,22.41,71.89,0
3371.2,214.0,17.95,72.5,0
1469.2,4843.8,48.37,18.93,2
2700.8,264.1,31.54,24.14,1
789.4,1188.3,93.62,18.59,2
3270.2,95.9,27.6,38.59,0
1878.1,258.5442028853958,37.12,33.97,1
0.0,3177.5,51.51,14.8,2
2436.3,678.8,37.32,22.75,1
1053.8,1922.6,58.4,14.38,2
0.0,1717.4,35.0,20.16201833115417,2
1137.4,2358.8,70.88,23.92,2
2656.0,1248.4,25.34,8.0,1
900.0,813.5,24.99,49.42,1
1131.7,2699.0,56.82254622969768,24.41,2
3425.3,150.0,33.21,61.68,1
2846.7,304.3,25.81,30.13,0
2520.6,893.6485146710444,32.297957212565265,62.13,0
900.0,1086.9,41.55,67.37,1
2433.0,288.3,32.26,35.1,1
2241.7,404.3,25.43,28.32,1
0.0,1566.5,42.62,20.5,2
2626.8,275.1,34.56,33.44,1
1124.4,329.7,30.73,16.49,1
3892.2,57.7,20.02,57.74,0
3519.4,614.6,24.89,56.53,0
3583.6,104.8,23.93,46.03,0
49.0,1545.8,66.06,26.87,2
3306.5,223.1,22.85,76.25,0
4095.0,139.1,16.53,54.68,0
350.9,3762.1,35.0,13.6,2
2983.8,716.0321988727665,30.248020374715367,46.77,0
3653.9,749.021062942722,34.93215349482775,46.16,0
1739.8,505.8,35.4,62.25,1
2023.5,386.3,29.91,54.09,1
3396.5,328.4,42.48,32.42,1
3561.5,54.3,23.22,59.81,0
395.5,3523.8285451795746,88.88,4.95,2
3708.0,218.2,18.87,49.42,0
1197.3,2536.8,91.41,39.6,2
2135.9,1318.0,28.29,52.69,1
2976.6,190.5,17.18,48.01,0
3694.2,240.6,23.54,37.65,0
1712.3,743.7,29.67,25.3,1
736.7,4055.1,51.87,11.05,2
922.1,3046.1,47.45,32.03,2
3996.4552453503184,150.0,43.9,67.97,1
2105.3,1491.6,24.0,42.15,1
1792.9,656.5,29.61,43.97,1
2908.1,809.8,24.21,39.21,1
1632.6,1766.5,58.06,9.78,2
1050.9,2031.6,66.81,43.99,2
2068.6,689.6,45.64,61.54,1
3102.1,669.4,32.45,70.41,1
3685.4,475.6,22.59,42.23,0
1006.8,2157.8,59.62,25.96,2
677.1,1300.4,35.0,5.0,2
1472.6,974.8,28.33,60.27,1
4095.0,207.7,21.64,75.9,0
226.9,3989.5,70.8,25.57,2
2365.7,574.0,32.68,51.51,1
795.9,4795.9,51.43,30.87,2
1577.8,4493.0,59.91,29.67,2
628.4,1572.5,45.67,25.55,2
1526.7,589.2,32.15,58.97,1
2898.6,1243.3,41.27,37.62,1
286.0,700.0,65.05,6.44,2
2891.1,264.3,43.11,52.76,1
2715.1,207.7,20.85,38.19,0
0.0,702.2,43.06,12.66,2
2546.1,850.8,41.48,31.73,1
186.8,2455.9,67.92,20.88,2
962.8,3332.9,36.01,36.86,2
4095.0,258.9,29.17,64.8,0
0.0,2088.9,57.9,19.62,2
111.8,1884.7,83.71,25.28,2
210.1,3805.1,78.12,16.68,2
3308.1,872.9,34.93,50.17,1
2427.5,346.5,35.79,46.9,1
2271.8,423.7,29.31,29.95,1
3295.9,140.4,26.379473029001424,48.52,0
3660.6,311.2,22.52,52.08,0
3181.8,299.4,29.92,32.59,0
3621.0,384.4,23.08,68.57,0
270.8,979.8,59.05,29.21,2
1181.1,4113.5,35.0,28.53,2
1656.9,403.4,29.78,61.88,1
2106.3,591.3,27.48,70.29,1
4095.0,219.5,23.09,28.88,0
3555.5,546.2,19.85,57.41,0
3000.5,1023.7,39.93,12.48,1
384.3,1412.4,78.8,12.99,2
2882.4,136.1,24.13,55.41,0
35.4,700.0,84.5033703523354,19.18,2
3959.8,112.2,20.18,63.63,0
3475.2,3.5,27.68,65.02,0
3414.2,606.3,18.42,52.77,0
794.6,1178.6,99.11,12.39,2
1547.9,669.7,25.75,15.62,1
2598.5,644.4,29.16,60.24,1
2824.5,206.3,24.97,45.01,0
2930.8,777.2,38.4,28.23,1
2101.7,1463.3,29.87,36.13,1
3013.0,245.0,44.07,29.75,1
3650.5,53.7,18.89,61.92,0
3654.0,304.9,22.93,45.24,0
3323.8,370.8,22.4,56.71,0
1269.6,1114.0,62.87,30.21,2
2223.1,321.1,34.29,23.37,1
3349.7,700.7,31.78,35.4,1
1618.4,1506.8,32.46,25.46,1
1557.2,1353.3,69.7,3.0,2
1218.7,2040.4,39.27,31.73,2
1160.8,1396.7,85.58,20.94,2
4031.0,136.2,18.04,45.57,0
0.0,1541.3,52.79,36.7,2
900.0,317.5,31.16,37.23,1
889.5,700.0,79.42,22.05,2
2777.7,62.9,26.02,51.46,0
926.0,3638.2,64.54,18.59,2
272.9,3114.7,50.3,5.99,2
2291.3,661.1,32.27,23.47,1
1754.0,2151.1,51.74,16.34,2
3218.6,755.5,44.83,30.61,1
897.9,2247.5,37.15,15.45,2
380.5,3720.0,63.85,16.65,2
1392.7,700.0,52.43,3.79,2
3926.9,107.7,17.13,63.4,0
3118.1,64.6,23.57,28.83,0
2900.8,169.0,24.95,67.98,0
399.9,1786.8,60.24,21.41,2
4095.0,386.0,23.56,54.67,0
315.4,3466.2,45.13,29.4,2
0.0,1836.2,59.65,15.73,2
3320.0,382.7,38.66,46.8,1
1588.0,810.4,50.38,26.96,1
1920.7,787.2,36.5,36.55,1
3507.7,192.7,29.68,36.13,1
2689.1,438.2,30.58,25.76,1
515.0,2216.7,60.91,3.0,2
3676.1,739.5,32.44,39.55,1
3689.8,55.4,24.68,70.87,0
3525.9,411.1,31.08,36.79,1
120.3,5067.0,52.75,16.56,2
4095.0,210.8,23.39,73.83,0
1673.1,150.0,26.11,49.98,1
1963.9,469.9,27.15,51.65,0
3006.1,123.0,22.47,68.92,0
3307.2,152.7,19.27,67.2,0
3303.1,562.4,37.42,23.66,1
259.0,2099.2,61.12,23.27,2
636.9,718.3,35.0,18.65,2
3761.2,45.2,24.8,54.86,0
3614.8,167.9,23.4,76.59,0
3280.5,263.7,20.21,62.9,0
2617.9,374.5,28.59,39.79,1
1055.3,1026.9,75.57,19.22,2
3015.5,904.6,27.25,51.12,1
1366.9,3139.8,80.54,43.51,2
975.2,1983.6,91.2,31.91,2
899.4,2776.2,66.13,23.66,2
3262.6,150.0,32.35,49.84,1
1340.9,5010.1,52.39,30.97,2
3005.5,466.0,37.62,34.96,1
1141.0,2506.6,69.56,26.87,2
1331.9,451.9,36.96,50.75,1
2548.7,151.0,25.58,59.86,0
2075.9,397.2,35.15,64.12,1
838.8,5106.3,46.54,18.01,2
1467.8,536.1,43.54,48.4,1
0.0,2247.3,57.29,26.03,2
3335.7,538.9,14.7,45.08,0
2837.1,377.2,27.91,60.63,1
3424.0,66.8,16.24,89.85,0
2355.7,666.0,32.45,13.99,1
898.7,700.0,50.17,21.66,2
2761.0,732.9,34.62,37.2,1
3140.2,720.9,31.85,28.63,1
1550.5,397.8,32.26,57.26,1
751.4,727.9,70.37,14.64,2
3168.9,190.9,24.14,78.01,0
3635.7,217.8,18.93,70.55,0
2118.8,317.8,42.62,9.86,1
2664.0,345.0,45.99,47.35,1
2701.1,838.0,42.43,45.05,1
781.2,2408.5,54.79,11.81,2
3626.2,700.0,27.02,69.73,0
3440.9,171.7,20.4,62.66,0
0.0,1115.5,92.94,24.89,2
2848.3,405.5367712327104,32.09245946537988,61.69,0
3582.5,267.0,21.15,59.34,0
3716.4,466.37246444288115,31.056801216354952,44.76,0
2167.3,555.5,46.76,44.83,1
3249.4,183.4,29.14,55.29657336413726,0
353.2,5775.9,65.22,22.93,2
2481.1,398.5,34.24,44.96,1
129.0,700.0,46.79,6.53,2
4010.5,321.3,24.23,68.85,0
3345.3,557.9,30.67,11.84,1
3683.0,333.0,34.78,40.96,1
2936.3,7788.799116972683,26.72,56.58,0
0.0,700.0,82.59,25.85,2
3307.4,451.1,24.41,45.07,0
2510.9,492.1,38.99,57.67,1
3638.5,392.1,28.87,58.2,0
3218.2,667.8,31.6,77.8,0
1173.1,700.0,35.0,9.27,2
3542.8,108.2,24.5,72.75,0
4023.0,424.2,21.23,47.31,0
3800.0,944.2,33.02,14.447841316459549,1
2558.9,189.4,32.32,53.32,1
2903.5,197.3,46.93,36.35,1
1312.4,1465.8,41.51,6.79,2
539.2,1150.3,94.86,31.23,2
3473.4,139.3,10.98,42.59,0
3047.5,76.0,21.78,66.35,0
2199.4,491.6,47.31,46.39,1
2668.2,210.8,21.49,72.71,0
2203.1,302.9,29.31,58.55,1
2816.1,739.1,38.82,23.2,1
2838.6,476.2,23.09,51.38,0
1305.2,3204.2,35.0,19.78,2
1591.7,253.5,24.0,51.85,1
1307.3,1958.7,35.0,14.31,2
1846.0,764.6,39.52,68.25,1
2043.3,260.3,37.51,30.65,1
473.0,1374.0,70.23,25.94,2
0.0,7410.0,63.47,15.89,2
2990.9,52.6,21.89,48.73,0
0.0,906.8,51.78225982327467,3.0,2
2156.1,313.8,26.31,14.48,1
3057.2,922.7,38.41,55.46,1
3887.6,108.2,27.18,55.58,0
2478.8,754.5,27.61,49.68,1
3437.9,626.2390149494375,33.03454728525578,65.47,0
3016.1,112.5,22.86,45.83,0
3030.0,1224.3,38.49,36.83,1
3416.6,382.2,41.68,60.38,1
2227.2,206.5,26.83,43.15,1
2995.2,357.1,27.15,77.41,0
1683.9,150.0,31.27,11.34,1
2910.8,163.0,25.26,62.66,0
4095.0,700.0,28.6,59.95,0
3153.5,549.8970471500539,30.709948735800786,63.97,0
3288.3,332.3,25.04,42.18,0
1687.1,849.8,61.29,31.91,2
566.4,1320.8,67.13,38.43,2
3327.4,558.8,45.82,46.74,1
2794.5,173.8,26.84,44.49,0
2393.7,462.5,31.41,46.49,1
2570.1,527.2,38.21,28.74,1
2001.1,847.7,27.8,38.37,1
2574.6,163.2,27.06,17.98,1
3387.9,78.6,21.11,85.98,0
2795.2,155.3,21.59,70.72,0
2752.2,226.3,32.53,41.86,1
2777.3,332.8,35.01,52.98,1
2511.3,378.7,29.49,37.49,1
783.5,2735.4,90.39,21.98,2
4003.3,241.1,28.78,63.33,0
3929.2,39.6,26.41,56.95,0
795.0,3829.8,55.02,22.17,2
3994.5,140.8,22.33,64.21,0
3800.0,485.8,30.02,46.48,1
3275.7,191.4,25.82,58.84,0
388.7,2392.0,35.0,13.78,2
3716.9,249.6,22.77,68.68,0
2702.5,266.1,39.96,46.82,1
2007.6,1031.1,32.55,29.96,1
2214.6,982.4,43.47,31.74,1
1147.9,1606.9,61.43,25.53,2
1418.2,700.0,41.88,27.8,2
1074.2,700.0,35.95,38.84,2
3077.2,460.7,29.96,20.76,1
337.3,951.3,71.1,42.22,2
3030.9,763.3,24.41,59.41,1
3270.2,205.4,31.13,27.48,0
2649.3,425.0,43.72,50.16,1
3294.4,420.3,24.13,60.46,0
773.9,1379.0,53.94,22.21,2
2009.3,348.0,30.06,53.48,1
636.2,2430.4,69.78,27.66,2
2182.7,150.0,27.24,61.42,1
2346.1,754.9,33.59,41.97,1
2764.9,722.0,33.42,38.6,1
4064.1,111.0,29.01,27.84,0
719.4,700.0,95.53,15.92,2
1169.8,1777.0,70.84,23.44,2
2032.4,700.0,93.46,39.34,2
1944.6,1489.5,24.0,27.98,1
3516.6,222.2,19.91,61.79,0
3551.3,254.7,23.3,31.94,0
958.9,3590.6,62.99,13.78,2
457.6,3500.8,63.97,28.25,2
938.4,2335.4,62.2,29.04,2
3225.0,561.3,36.97,41.57,1
3389.5,668.6,31.17,69.51,0
4095.0,116.7,17.51,54.33,0
3397.0,118.4,17.39,51.7,0
3580.7,280.9,22.74,76.49,0
0.0,2186.4,79.21,3.0,2
2950.8,279.6,22.36,56.78,0
2336.6,513.3,37.45,25.98,1
0.0,2373.8,93.91,26.41,2
875.9,700.0,85.81,31.07,2
3388.6,270.9,30.75,59.42,0
3480.3,428.7,21.41,70.38,0
2940.7,77.6,26.45,48.94,0
2203.0,503.1,29.74,33.3,1
3776.7,220.5,26.66,61.78,0
2712.9,474.1,34.28,34.45,1
1919.7,406.1,48.25,14.51,1
3069.1,139.9,31.07,48.96,0
3049.0,172.8,25.54,46.42,0
480.6,1572.7,82.88,19.69,2
3800.0,213.8,27.69,21.53,1
2557.0,150.0,33.17,46.44,1
3544.5,150.0,44.23,52.22,1
900.0,974.5,38.07,31.08,1
554.1,1450.3,78.11,4.7,2
1248.4,240.4,30.5,35.07,1
3862.3,103.7,22.74,51.32,0
2548.7,496.3,34.89,48.8,1
588.0,1523.9,45.76,12.95,2
2805.7,533.1,28.91,47.12,1
2677.3,612.6,53.24,60.86,1
3314.9,263.1,28.99,49.96,0
3628.4,112.1,25.61,50.87,0
1895.4,466.0,33.66,23.07,1
1745.8,4650.8,92.01,29.87,2
0.0,1484.3,65.23,15.62,2
3561.6,223.5,24.02,64.5,0
2888.6,624.5,40.02,34.73,1
2837.7,219.8,29.18,57.3,0
3021.6,113.7,25.75,42.92,0
1987.9,412.0,35.76,58.44,1
1033.7,2125.6,53.65,7.85,2
3559.6,64.9,17.14,43.66,0
2724.6,952.6,34.78,34.69,1
2306.2,673.7,35.8,18.05,1
2485.0,222.5,37.29,57.11,1
3158.4,161.3,23.62,54.24,0
1763.1,3933.9,50.53,31.9,2
492.6,1565.9,59.7,8.22,2
1545.2,2532.1,71.8,13.46,2
4095.0,380.0,23.86,44.47231513517595,0
221.7,2681.5,67.69,21.71,2
2546.5,640.4,30.37,37.36,1
3186.6,110.0,33.57,68.46,0
3315.6,120.7,29.8,65.1,0
2962.2,239.1,31.27,52.22,0
3754.2,226.2,19.4,43.72,0
3025.8,173.0,27.45,56.64,0
1847.0,1082.9,29.66,32.04,1
2220.3,1145.1,28.4,40.59,1
1925.5,659.9,41.53,40.06,1
0.0,3468.1,39.91,23.74,2
541.9,700.0,51.71,17.08,2
3492.4,409.7,20.48,54.13,0
3549.4,361.3,20.9,74.04,0
3170.6,115.2,24.63,58.43,0
2621.8,210.7,24.89,20.42,1
946.5,7334.9,60.77,9.05,2
1151.7,1476.5,66.62,30.18,2
1945.0,1059.2,33.04,36.25,1
3265.1,204.5,19.52,54.2,0
618.1,1295.4,57.16,3.0,2
3207.6,1673.6,25.52,37.77,1
3166.1,88.5,28.74,63.43,0
3348.0,815.5,31.97,63.58,1
2728.6,856.4,40.77,47.11,1
473.4,2756.1,73.74,32.2,2
3409.3,248.7,24.0,24.36,1
3265.6,108.9,23.08,50.27,0
285.8,700.0,71.4,20.55,2
1207.7,1740.5,52.11,28.05,2
0.0,3022.4,46.14,20.87,2
1540.4,751.5,34.98,30.77,1
717.5,2934.4,58.84,26.99,2
143.6,700.0,65.51,25.38,2
2455.8,620.4,39.18,22.33,1
835.9,2035.4,62.82,14.48,2
3811.0,209.1,15.92,40.29,0
1872.6,279.1,30.47,28.01,1
0.0,700.0,38.19,24.21,2
2233.3,589.5,30.38,35.57,1
791.8,2836.5,40.64,28.75,2
319.6,2160.8,35.0,11.99,2
2170.3,975.0,47.78,44.41,1
1123.8,2401.2,86.88,25.23,2
0.0,1415.5,65.24,32.73,2
2460.7,399.9,29.32,31.82,1
0.0,915.4,45.28,29.26,2
4058.7,99.9,22.7,51.15,0
2888.6,354.0,16.5,69.9,0
3087.5,841.7,43.81,53.76,1
3189.9,250.4,25.19,46.13,0
1933.1,169.7,41.64,53.79,1
3118.9,40.5,23.65,59.83,0
3548.1,157.6,24.29,50.26,0
1579.2,874.1,31.84,44.96,1
171.2,2485.2,77.47,26.07,2
380.5,1864.9,77.9,33.14,2
418.6,3707.9,89.03,8.14,2
3462.6,121.5,26.01,71.45,0
3635.7,259.1,25.38,88.85,0
20.4,1149.0,95.99,23.76,2
3627.9,96.2,34.26,58.57,0
2380.9,104.8,26.33,54.58,0
4095.0,282.8,21.09,55.1,0
3474.3,22.9,18.67,41.69,0
170.1,1192.8,93.07,34.82,2
3207.5,296.0,24.23,37.7,0
128.4,2630.4,84.0,23.33,2
1649.3,904.4,28.57,17.95,1
3327.6,783.7,41.22,19.03,1
4095.0,95.3,16.43,30.49,0
3037.1,32.9,30.81,65.75,0
1511.1,2397.1,35.26,18.15,2
452.6,4258.2,72.66,15.64,2
3597.3,152.4,22.96,67.46,0
191.6,1893.4,70.85,34.2,2
3592.7,881.9040701747668,35.16302778491778,69.12,0
3187.0,1016.3,37.62,35.7,1
901.3,2754.9,50.93,7.86,2
2277.2,475.5,32.4,45.99,1
3448.1,154.0,21.62,52.28,0
3186.8,195.3,20.27,66.82,0
1184.7,5183.7,56.27,16.19,2
1115.9,4584.0,74.23,24.54,2
3004.8,253.7,19.61,47.89,0
1397.0,884.6,65.71,3.0,2
1227.8,1549.6,74.61,18.5,2
2600.9,775.7,28.08,44.05,1
135.0,2959.2,80.69,18.4,2
2001.2,681.8,33.44,53.18,1
1407.9,763.0,34.25,53.88,1
3277.1,266.7,26.56,64.57,0
1770.8,480.3,44.02,59.6,1
1082.6,1036.3,56.28,23.01,2
4070.2,35.8,26.52,34.39,0
1975.7,827.3240929536105,31.88189293581165,17.0,0
917.0,1097.2,35.0,18.55,2
0.0,3640.7,67.94,13.95,2
3795.5,672.4,23.78,79.49,0
2620.1,441.3,37.13,38.09,1
2121.8,648.7,30.17,75.0,1
722.4,2507.7,65.08,23.15,2
667.6,3694.1,96.65,30.12,2
2822.1,350.1,24.0,35.83,1
3121.3,301.5,27.81,75.05,0
1460.8,476.2,29.72,64.12,1
0.0,2377.7,72.71,17.03,2
0.0,1966.6,41.4,27.41,2
0.0,2329.0,38.63,13.81,2
2803.5,172.0,34.75,23.59,1
2940.3,631.6,24.37813539321241,69.74,0
1138.6,150.0,40.99,38.48,1
2193.4,971.3,36.81,47.86,1
1119.6,1201.2,30.12,30.83,1
1414.9,1093.4,29.03,41.0,1
1570.0,700.0,66.57,28.91,2
2962.0,887.1,34.55,33.12,1
3374.9,679.7413796180513,35.919661567711444,44.25,0
2024.2002904355766,1337.5,56.76,12.3,2
2846.8,75.3,24.12,64.87,0
2986.6,336.5,24.5,65.04,0
2075.0,507.0,32.95,31.25,1
99.2,1124.2,68.06,28.18,2
1448.9,2244.5,35.0,26.6,2
3754.7,173.6,28.86,31.86,0
2143.8,1222.0,28.38,37.61,1
759.4,1139.2,54.22,27.63,2
2712.2,150.0,39.84,28.6,1
4035.8,33.8,20.73,58.72,0
1569.7,150.0,30.86,41.38,1
3053.5,321.6,17.49,77.25,0
4095.0,310.6,27.02,65.74,0
3450.1,612.7,37.96,54.44,1
3800.0,556.0,39.02,46.45,1
450.6,1736.0,78.4,40.14,2
0.0,6101.6,60.72,10.16,2
2913.5,529.6,25.77,38.68,1
2778.1,117.0,25.85,65.33,0
2896.0,191.8,30.32,45.08,0
1811.9,319.2,42.52,63.28,1
3585.6,24.0,25.55,54.65,0
3093.6,69.8,21.22,78.02,0
629.5,1734.4,39.16,51.61,2
4095.0,315.1,20.64,51.32,0
697.1,700.0,70.02,34.39,2
3097.4,323.0,39.16,31.96,1
2455.0,386.4,29.17,38.92,1
2815.4,609.3,42.52,33.19,1
1481.2,3252.3,46.22,27.13,2
3553.9,695.821657330539,33.70569678386247,49.56,0
3474.2,537.4,34.26,51.82,1
1927.8,829.6,48.06,42.73,1
3219.5,189.9,17.81,61.58,0
3834.8,685.6135076189912,30.150908312969268,41.39,0
3575.6,852.5,38.62,24.42,1
999.7,1796.7,85.81,21.78,2
1816.0,1212.9,53.54,22.0,2
746.6,700.0,89.22,23.27,2
778.0,2713.5,51.06,26.37,2
3681.5,157.1,24.11,57.99,0
1313.3,2668.3,65.43,18.2,2
3562.1,226.1,22.29,54.96,0
1132.8,2401.8,56.78,5.38,2
1109.4,2836.5,88.49,52.14,2
2909.2,146.4,25.88,47.77,0
854.6,1248.6,64.65,29.1,2
2165.5,248.5,30.8,28.29,1
3689.6,112.9,24.47,79.2,0
362.9,2375.7,60.5,32.79,2
4095.0,227.9,26.11,52.45,0
1757.9,748.3,35.1,40.14,1
2672.2,466.3,28.13,43.48,1
42.7,700.0,85.89,11.29,2
2353.6,712.5,35.65,44.35,1
2884.4,261.5,43.51,38.45,1
2533.2,631.4,28.51,54.4,1
2365.6,268.1,30.22,48.29,1
1634.3579126910652,1494.0,61.74,36.87,2
2865.0,334.2,28.19,61.17,0
466.1,1494.8,51.36,39.28,2
379.0,1527.3,71.15,28.07,2
3053.5,698.3262703632149,35.77675929460421,56.94,0
1994.5,1198.8,27.7,48.56,1
1549.8,608.3,28.66,52.55,1
3806.4,56.4,21.86,43.9,0
3580.8,305.4,22.49,48.14,0
1138.6,1021.1,75.51,3.0,2
3528.0,145.8,18.46,69.16,0
2736.5,502.2,28.38,33.02,1
838.0,6871.1,74.02,25.56,2
1380.2,448.9,34.01,21.7,1
2432.1,752.1,27.8,66.84,1
3398.3,267.3,23.32,64.13,0
2637.0,514.2,29.42,47.52,1
3525.2,122.5,25.09,51.15,0
3646.7,694.7,25.04,37.17,0
734.5,700.0,74.03,23.69,2
1642.2,379.7,38.7,35.54,1
3954.8,94.6,32.35,55.59,0
734.0,4301.8,56.46,24.0,2
1933.5,396.7,38.11,29.36,1
3023.1,134.0,25.52,32.61,0
2991.7,269.5,31.69,55.21,1
3836.2,774.5862224731782,29.340158239104614,49.26,0
2096.8,932.9,26.15,34.48,1
3716.5,144.2,22.34,51.58,0
1785.8,231.6,38.64,13.93,1
1031.4,4488.8,47.53,28.42,2
897.7,3451.5,75.13,18.39,2
4095.0,313.2,31.83,52.29,0
574.4,3880.8,38.17,35.68,2
1244.7,3889.0,96.77,22.28,2
3440.9,30.5,23.53,34.79,0
49.3,6552.1,65.67,9.78,2
3830.2,262.0,22.79,42.43,0
1407.7,700.0,61.63,10.46,2
858.7,2291.4,72.67,27.98,2
3193.3,475.5,32.8,45.37,1
3053.8,169.2,26.27,52.89,0
900.0,1002.6,42.34,44.15,1
275.3,786.8,64.87,20.29,2
616.1,1322.4,64.46,19.12,2
2314.5,654.5,32.47,45.19,1
3737.4,430.1090267875989,29.33495601986962,54.45,0
2891.6,900.4,25.77,23.85,1
2915.8,182.0,30.77,53.16,0
3813.6,536.6884880297328,29.74788357791782,27.65,0
425.7,989.5,35.0,16.91,2
3588.6,416.4,26.01,46.33,0
1686.8,388.6,35.93,54.15,1
3040.1,115.7,25.8,64.09,0
3679.2,76.9,27.38,29.64,0
3439.3,259.0,17.76,65.69,0
2751.6,97.7,25.31,60.69,0
2767.9,433.7,44.73,23.47,1
175.9,1615.8,63.39,35.77,2
3287.7,122.8,16.72,64.53,0
844.7,1439.5,82.04,25.02,2
2129.7,675.3,36.47,48.25,1
3271.3,220.1,24.74,71.56,0
569.0,2107.0,38.78,14.62,2
2985.5,251.9,25.11,48.6,0
1572.7,1253.0,30.11,41.19,1
3333.0,78.8,26.14,56.49,0
2781.1,166.1,26.02,50.0,0
607.3,700.0,73.01,8.37,2
1643.7,438.5,39.17,50.22,1
0.0,2578.2,76.2,21.7,2
2846.0,1041.0,27.8,26.0,1
3848.4,149.2,24.64,52.91,0
1588.4,7215.934420527442,31.14,36.36,1
184.6,1543.8,40.04,27.07,2
1563.3,1046.0,43.63,36.45,2
699.8,3759.9,73.43,36.9,2
1122.0,1110.6,46.06,32.9,2
2580.9,329.3,29.19,47.29,1
2892.4,914.9,40.19,37.18,1
1181.0,700.0,48.41,30.923292182321653,2
627.2,4956.2,64.16,25.39,2
2662.1,358.2,32.72,60.69,1
298.7,1366.7,35.0,29.11,2
1016.2,2105.5,65.07,26.3,2
2135.3,401.6,36.29,10.88,1
2506.4,242.4,39.57,54.52,1
222.2,2991.2,67.41,38.37,2
3046.2,541.4285530586567,34.56437774610466,47.66,0
2968.0,336.5,15.44,54.33,0
3534.6,159.0,24.61,36.87,0
3282.7,498.7,26.27,34.9,0
2666.8,967.8,34.68,44.11,1
3658.8,63.5,25.75,41.15,0
980.2,2192.6,54.35,28.14,2
724.0,1750.2,35.0,22.89,2
3295.3,111.8,19.5,46.02,0
2868.8,1572.5,42.69,29.84,1
3248.6,860.1,24.0,56.86,1
2254.7,378.4,32.08,57.76,1
3102.2,444.0,14.57,68.71,0
399.6,3239.1,77.53,16.09,2
4095.0,93.6,23.0,61.77,0
1177.4,2366.9,54.69,15.31,2
2412.1,1077.7,41.86,13.26,1
0.0,8551.587041148388,51.08,13.39,2
4095.0,142.8,17.48,73.43,0
3512.0,890.4751568705638,32.29350174597258,37.48,0
1671.4,2788.6,91.02,37.82,2
2895.0,699.5,38.95,52.63,1
3402.6,122.7,24.61,37.91,0
184.9,1574.7,71.56,6.17,2
182.1,6859.6,81.58,12.57,2
3521.7,135.6,26.07,42.94,0
2781.8,1037.9,31.87,62.41,1
2693.8,244.9,17.27,43.64,0
3739.8,65.7,23.37,61.22,0
707.5,2754.5,64.04,41.33,2
2074.5,8189.143865180729,27.11,74.08,0
3157.3,80.5,30.29,32.15,0
612.9,3587.2,71.95,39.96,2
638.4,3592.1,67.45,31.05,2
2863.0,156.5,39.12,27.7,1
2555.3,511.8,36.88,44.07,1
0.0,1253.7,103.41,22.31,2
3524.1,217.2,24.77,83.17,0
3719.0,507.87605241558936,31.449364885980494,45.8,0
596.1,1794.8,71.61,19.75,2
741.9,2652.0,54.25,42.39,2
365.3,1458.0,44.56,10.25,2
2980.0,520.2,29.1,61.02,1
2574.7,259.3,29.21,61.28,1
18.2,1266.5,72.14,44.66,2
3276.2,117.7,23.07,82.55,0
1832.6,150.0,27.76,45.32,1
3239.8,593.5628278508599,35.06729088725844,65.9,0
3461.3,254.5,28.31,50.15,0
2207.2,650.5,24.0,34.12,1
2482.6,449.7,24.0,51.43,1
555.4,2660.3,62.71,14.33,2
2223.1,150.0,37.64,63.67,1
4095.0,306.3,18.97,54.45,0
1214.1,779.6,95.97,24.68,2
549.2,3078.751164603609,71.95,12.48,2
515.1,1728.7,39.74,9.85,2
2894.9,837.2,35.21,29.56,1
376.2,1968.4,85.93,22.22,2
2453.9,906.5,24.0,63.58,1
3852.0,283.1,30.96,37.7,0
2911.2,290.2,21.13,31.45,0
3697.6,417.8,26.81,74.39,0
44.6,1628.8,71.48,18.95,2
1080.2,1198.2,70.9,18.84,2
936.0,1856.3,57.39,29.95,2
1630.3,150.0,29.78,53.95,1
3281.6,26.3,20.37,56.14,0
2375.4,916.3,29.99,32.51,1
3174.8,833.5,44.38,65.95,1
3659.7,104.9,19.05,80.06,0
374.7,1792.7,72.67,24.03,2
2464.7,872.8,35.72,35.53,1
3539.7,1073.4,25.24,32.66,1
2944.5,463.5,31.52,38.23,1
3647.0,217.1,24.84,56.13,0
796.2,3989.3,73.35,20.48,2
3750.2,114.3,18.84,65.55,0
1456.3,1886.0,87.8,25.86,2
929.0,5093.6,59.62,31.64,2
871.3,1058.6,48.03,20.29,2
4095.0,800.6549503043913,31.308531932228096,46.26,0
1329.9,4224.9,44.58,15.76,2
2515.3,288.9,47.58,68.71,1
3242.4,176.5,25.66,67.58,0
3309.8,183.8,25.15,38.12,0
956.6,5953.2,57.17,28.91,2
3495.2,149.1,22.54,61.91,0
2412.0,638.1,37.7,45.22,1
2357.7,150.0,39.37,22.91,1
1427.0,333.7,28.2,62.48,1
3831.2,154.6,19.66,27.74,0
3717.4,65.7,19.53,57.41,0
2353.4,669.2,45.27,54.76,1
2447.1,243.7,44.63,17.52,1
0.0,2329.7,35.83,13.41,2
2958.1,285.7,20.21,50.56,0
3308.0,259.4,16.77,36.93,0
2654.4,819.5,38.6,61.49,1
3041.6,228.5,17.39,70.6,0
2233.1,808.9,31.08,58.08,1
824.7,1244.0,45.36,28.55,2
0.0,1975.9,52.54,15.74,2
3387.2,257.2,20.13,62.23,0
950.7,4148.1,57.58,23.19,2
3220.4,607.3959513682663,31.588908147400844,71.63,0
1442.5,630.2,34.14,34.56,1
3763.8,141.5,30.64,64.46,0
1541.4,1685.2,37.66,11.2,2
378.0,700.0,89.64,12.31,2
2464.6,254.4,19.15,48.57,0
3650.5,124.7,21.54,65.26,0
2916.0,785.4,35.3,41.83,1
1133.2,2907.7,89.23,7.68,2
2402.3,553.0,32.18,34.47,1
2784.6,347.8,17.77,75.01,0
1493.4,700.0,62.85,10.5,2
205.3,1721.2,81.85,18.19,2
2895.8,150.0,30.18,46.53,1
142.0,1786.6,85.15,20.56,2
2976.5,111.7,23.33,66.72,0
621.5,4569.3,67.47,22.12,2
900.0,273.3,30.03,11.69,1
3163.9,892.3,30.31,71.06,1
2532.2,437.5,30.55,44.74,1
3507.0,41.3,30.59,69.94,0
2586.9,516.7,38.44,15.52,1
1918.0,664.2,43.78,19.24,1
823.5,2974.7,63.46,27.67,2
3918.8,231.0,14.53,46.24,0
900.0,1544.6,32.57,43.36,1
3654.4,42.4,19.09,49.73,0
1461.3,1102.3,62.84,11.25,2
3368.7,325.0,30.32,32.56,0
2201.1,1226.3,38.18,15.71,1
1353.7,3979.8,71.66,15.13,2
3449.7,157.6,22.62,41.94,0
3141.6,531.9,28.96,41.83,1
3812.7,334.3,24.0,53.87,0
453.4,2194.5,78.72,20.84,2
1202.0,3144.6,82.41,17.48,2
2239.0,642.2,46.73,36.16,1
1602.4,658.7,34.19,35.76,1
3023.0,41.2,25.49,70.1,0
2081.0,848.3,36.48,39.31,1
3877.6,245.1,18.81,53.35,0
1363.0,1792.9,69.68,14.07,2
1200.8,1314.7,43.79,54.13,1
3835.0,322.5,24.33,41.25,0
604.6,3853.8,89.18,35.57,2
3032.7,109.8,27.45,59.96,0
3810.2,237.9,26.21,69.81,0
4095.0,419.3,21.83,66.27,0
740.6,2331.5,64.69,19.06,2
3037.7,150.0,24.0,53.32,1
427.1,3466.8,62.73,21.57,2
832.3,700.0,60.88,19.67,2
2616.3,964.3,38.21,54.23,1
2939.7,308.2,23.81,62.25,0
1068.1,1262.7,83.28,23.37,2
3686.3,132.2,21.31,45.64,0
1986.8,751.6,37.86,39.08,1
3491.7,37.3,22.84,72.49,0
465.3,1539.4,64.09,18.89,2
3339.5,268.8,23.14,50.05,0
3507.0,387.4,26.39,50.22,0
0.0,5813.168783346226,50.34,32.2,2
564.6,700.0,56.56,23.55,2
2886.5,705.4,33.63,38.02,1
266.8,4109.6,64.66,13.03,2
1598.8,650.1,37.04,29.9,1
891.1,1838.4,50.37,3.0,2
4055.2,270.2,11.14,70.33,0
287.6,2447.4,101.7,31.55,2
3205.9,399.9,18.99,44.86,0
3064.8,304.5,35.52,38.85,1
487.1,7313.4,75.56,24.05,2
2067.9,1806.9,41.79,32.1,1
2524.9,329.0,39.36,9.45,1
946.9,700.0,48.89,34.92,2
3819.2,188.0,26.37,33.74,0
1383.6,5493.7,62.0,16.71,2
890.4,3280.8,89.01,23.76,2
1095.6,931.6,64.96,8.59,2
3636.2,296.5,27.81,24.14,1
2102.5,175.7,39.77,32.87,1
2836.6,293.9,22.92,84.64,0
1615.0,223.5,28.74,38.79,1
41.2,1518.8,63.15,7.81,2
3448.8,101.1,19.89,63.69,0
3633.8,287.5,29.0,68.08,0
2400.3,595.7,38.88,40.19,1
2323.3,93.5,30.71,34.3,0
817.2,986.5,103.01,10.36,2
771.5,1785.2,69.87,15.01,2
1715.4,823.5,24.5,48.36,1
0.0,4019.2,69.94,10.35,2
1619.4,2870.0,59.78,33.9,2
2035.6,1118.3,32.37,24.57,1
3246.0,24.5,19.71,36.29,0
97.8,1341.0,75.86,16.42,2
3828.2,16.0,31.34,41.79,0
1126.8,571.3,28.73,39.38,1
3528.8,250.7,22.47,35.74,0
3538.3,574.7,28.77,44.31,0
3155.4,531.7,27.84,40.88,1
2165.3,167.3,26.5,47.18,1
3442.7,377.9,44.0480977351022,33.51,1
3410.4,119.1,17.36,65.95,0
3392.3,249.8,22.47,46.57,0
900.0,399.9,39.43,31.9,1
1123.2,1143.4,47.83,17.68,2
1184.1,807.3,41.83,21.16,2
810.1,939.9,60.26,13.71,2
1532.8,160.1,31.29,58.03,1
3911.3,230.6,26.83,69.92,0
2246.2,347.1,35.7,54.85,1
660.8,3553.7,65.98,23.77,2
3341.0,58.0,22.97,39.61,0
3424.3,126.0,23.42,34.44,0
3811.0,463.1,21.62,67.51,0
2284.7,792.4,32.11,42.03,1
1063.7,784.7,67.73,41.61,2
2941.1,564.3,42.64,50.05,1
2157.5,847.3,24.0,44.8,1
2998.9,280.3,18.53,55.9,0
2900.7,312.2,25.19,65.99,1
520.4,1351.7,87.58,5.19,2
991.7,2816.1,70.6199642626969,6.92,2
3073.0,135.8,27.77,54.56,0
312.6,5055.6,83.73,25.32,2
0.0,762.9,83.43,26.99,2
2896.7,175.2,22.88,60.83,0
3060.0,188.2,18.9,32.18,0
2800.3,150.0,37.84,61.84,1
3430.8,5495.232571111781,24.57,42.27,0
2139.9,321.9,47.63,39.93,1
2.1,2583.3,70.76,34.25,2
1180.8,1013.7,87.86,16.86,2
2497.1,300.7,41.58,18.89,1
3491.8,453.1,36.4,50.49,1
3287.6,153.8,23.5,29.48,0
610.4,1569.4,56.06,33.49,2
1579.8,502.0,28.72,52.24,1
3298.9,195.8,22.83,43.81,0
0.0,4482.6,60.37,21.0,2
1506.1,668.8,25.93,16.54,1
1306.4,234.4,32.95,69.35,1
3669.5,130.4,20.71,58.63,0
2931.1,117.3,26.65,53.47,0
3316.4,473.8,25.74,53.55,0
3882.0,136.5,31.472043363643635,40.48,0
3729.3,54.2,29.17,63.57,0
3458.7,598.0,32.35,55.31,0
3613.6,176.8,21.24,62.73,0
2601.9,974.2,35.26,8.19,1
3079.3,566.0,27.83,35.99,0
605.7,2298.5,68.09,11.6,2
3167.0,22.5,30.13,35.19,0
3591.2,456.5,20.59,69.8,0
3658.1,293.8,19.03,64.55,0
1145.8,2492.8,43.28,9.53,2
2889.3,878.6,34.2,50.14,1
2397.5,384.1,28.54,8.0,1
193.0,3752.2,69.89,3.0,2
2815.0,37.3,26.81,54.55,0
3967.8,130.7,23.76,65.19,0
4095.0,174.5,22.97,80.75,0
1104.6,256.6,38.3,22.04,1
288.9,2249.0,38.68,30.31,2
2477.0,495.7,35.75,50.97,1
3287.6,249.3,22.28,57.58,0
1566.2,2195.0,44.23,26.43,2
520.3,1159.3,67.65,3.94,2
3760.8,378.5,32.82,57.45,0
3712.8,317.7,26.69,59.15,0
1623.9,499.9,29.77,34.01,1
3297.5,467.4,24.59,34.55,1
3459.6,973.2,36.92,42.25,1
3434.9,109.4,19.84,64.65,0
3088.7,249.7,27.98,66.83,0
113.3,2076.6,67.28,25.42,2
3059.0,293.0,20.7,38.49,0
992.8,850.6,69.48,27.26,2
1990.5,2505.7,65.44,29.61,2
1109.1,700.0,61.46,7.52,2
512.8,2624.5,58.9,27.5,2
4095.0,23.5,23.61,27.81,0
2197.2,715.8,35.51,26.03,1
997.2,4885.7,64.45,9.82,2
614.0,1392.0,44.31,16.24,2
207.2,700.0,57.7,4.24,2
3386.7,157.5,24.85,56.34,0
3061.1,154.0,22.34,62.73,0
4095.0,44.9,14.15,18.1,0
309.9,2493.4,84.01,41.2,2
3140.9,56.3,16.79,45.51,0
2754.5,1253.7,33.32,61.35,1
3417.6,6477.860789729519,26.81,58.23,0
178.5,1119.5,47.38,25.52,2
3322.2,603.3,27.93,63.87,0
1521.1,4322.9,83.75,7.59,2
0.0,1311.9,51.77,17.86,2
3085.7,197.3,26.43,51.22,1
83.5,3133.3,44.84,3.0,2
1064.5,1030.4,35.27,30.16,1
4095.0,859.6527282631548,34.60676701754192,56.45,0
2359.0,431.0,19.86,58.38,0
265.3,1893.5,70.29,11.12,2
3294.0,615.9,27.79,40.88,1
2642.1,1689.9,28.37,17.68,1
2877.6,15.5,30.41,55.89,0
3063.3,123.1,23.52,58.24,0
1375.7,3010.4,71.12,16.22,2
4095.0,251.6,25.24,34.66,0
206.3,1320.6,49.1,9.28,2
2770.1,1209.5,41.23,8.01,1
4052.7,144.0,26.71,59.21,0
2357.6,2030.0,34.79,49.48,1
2848.4,154.3,23.03,59.43,0
73.8,2269.3,36.89,4.95,2
786.3,1349.5,35.49,27.72,2
448.7,4703.6,63.8,27.24,2
2481.8,792.7,32.31,47.71,1
1766.4,949.6,43.8,28.28,1
0.0,700.0,76.65,23.78,2
1048.7,261.1,28.03,52.9,1
1019.2,1970.7,82.95,27.53,2
2365.5,397.2,41.64,46.21,1
2788.9,229.0,25.83,64.6,0
728.8,1528.6,62.0,11.2,2
2818.2,484.3,40.3,26.25,1
2655.3,150.0,36.26,15.82,1
2149.3,150.0,40.57,8.0,1
3979.1,177.3,20.1,41.18,0
1363.9,4460.2,73.43,33.86,2
1834.2,528.2,35.82,55.97,1
936.0,1987.4,35.0,30.33,2
1886.8,1463.0,26.04,35.37,1
1062.5,700.0,61.28,18.2,2
379.1,1024.3,35.0,19.97,2
2433.2,419.0,45.73,75.0,1
3040.8,228.8,28.85,51.17,0
3176.3,176.1,23.69,63.47,0
1227.3,5164.321802183614,43.26,25.19,2
3000.9,380.8,24.27,68.45,0
2466.9,454.9,39.61,36.46,1
2470.2,710.2,28.15,38.5,1
408.7,959.8,40.02,10.59,2
900.0,354.6,24.0,31.37,1
900.0,608.2,36.12,44.84,1
3149.1,432.2,24.51,43.22,0
3800.0,150.0,24.0,69.56,1
3295.4,400.0,24.35,47.66,0
530.4,700.0,39.8,24.39,2
1170.8,849.5,99.51,25.3,2
2570.2,546.6,34.21,58.38,1
4095.0,234.2,27.31,58.34,0
1917.8,533.3,31.58,38.48,1
2299.7,307.0,24.0,34.02,1
2088.7,393.2,30.39,46.21,1
3945.7,417.0,21.31,36.54,0
2690.8,907.5,25.31,63.15,1
1365.1,191.2,38.46,54.34,1
785.8,1698.0,94.8,35.09,2
3640.5,178.0,25.07,30.43,0
749.1,3088.8,43.27,34.53,2
2912.0,208.9,25.44,40.62,1
2349.0,956.6,36.56,36.19,1
1451.2,2083.4,46.29,12.04,2
2132.5,191.2,38.09,42.95,1
653.7,3469.0,81.82,20.14,2
4095.0,153.6,24.43,32.94,0
2022.5,1401.0,32.94,23.76,1
1167.2,2018.7,69.18,19.51,2
1365.7,7704.5,61.8,19.05,2
4095.0,421.7,26.36,66.08,0
3397.230788792309,643.0,24.0,50.94,1
470.1,5169.2,51.37,14.81,2
3390.7,135.6,27.01,37.86,0
2705.2,109.9,26.86,48.62,0
1457.5,5086.6,60.76,27.82,2
2111.0,658.3,44.57,52.72,1
468.7,4285.5,73.13,18.58,2
3673.1,199.0,24.24,62.88,0
3971.9,60.1,22.15,62.04,0
3265.8,470.9,27.23,15.62,1
3162.5,373.6,23.46,67.08,0
4095.0,227.2,24.83,86.62,0
1269.1,1001.7,48.28,23.57,2
1349.2,2569.6,46.11,35.27,2
62.4,5765.9,39.82,26.63,2
1018.8,3952.4,119.88,14.33,2
4095.0,153.6,17.97,61.11,0
4095.0,293.8,21.58,42.79,0
2445.2,150.0,34.62,19.25,1
146.9,1207.3,65.81,16.53,2
558.7,1947.9,55.95,30.06,2
2437.7,823.1,24.0,49.72,1
515.0,2037.1,72.84,33.13,2
693.5,3172.5,101.51,38.73,2
393.2,3991.6,88.67,30.35,2
1901.0,268.1,34.45,8.0,1
576.2,5182.3,66.05,25.54,2
3724.0,643.0,32.48,14.16,1
1291.5,2225.1,56.52,8.65,2
1493.0,338.8,33.94,14.42,1
3094.1,149.2,20.47,34.61,0
2243.1,409.9,30.62,53.65,1
1535.7,4838.1,36.71,3.0,2
3618.3,296.1,34.25185210880395,45.74,0
3707.7,244.9,26.48,50.09,0
501.1,3667.5,67.3,20.39,2
657.0,4256.8,55.67,37.68,2
3396.0,553.5,20.91,53.29,0
711.7,700.0,74.3,26.97,2
3847.6,46.4,21.63,65.97,0
3073.0,418.0,37.42,42.18,1
206.1,1403.2,81.03,7.2,2
3534.3,214.7,30.49,64.23,0
3455.5,140.6,22.44,55.17,0
3647.8,63.6,23.52,62.11,0
0.0,1290.0,35.0,14.51,2
4085.684276743908,70.9,20.87,56.69,0
251.2,2664.8,35.0,16.1,2
1347.7,2293.8,68.92,18.85,2
3758.8,60.1,19.5,58.52,0
2529.8,455.8,33.71,64.57,1
1718.0,1117.3,42.35,34.42,1
252.7,2702.6,35.26,5.89,2
3129.2,260.4,25.28,52.26,1
3636.5,241.8,41.11,69.39,1
739.4,2988.2,59.58,13.17,2
179.7,1490.4,58.74,43.06,2
1273.7,1006.4,57.78,8.22,2
787.5,1620.3,71.99,38.03,2
4095.0,213.0,24.78,65.34,0
55.3,2475.1,60.37,29.42,2
1568.2,7071.2,42.31,21.11,2
735.3,3866.2,52.42,18.62,2
3486.6,86.1,22.88,56.49,0
3464.6,23.9,15.08,60.92,0
2648.4,359.6,20.33,33.56,0
160.4,1730.2,70.97,25.69,2
2063.4,566.3,25.3,51.45,1
525.9,1883.1,74.83,14.57,2
3393.9,110.0,25.245206545618586,32.12,0
2341.0,528.7,36.83,59.19,1
631.0,2856.4,55.09,12.92,2
2299.2,680.3,36.82,26.44,1
348.5,1308.0,71.22,26.41,2
3501.7,17.0,17.86,58.12,0
668.6,700.0,35.0,21.43,2
2881.3,296.2,44.26,26.56,1
2695.4,175.3,31.73,43.11,1
1191.2,3499.2,72.3,21.36,2
3393.3,212.2,24.03,49.71,0
3043.6,118.5,21.8,59.87,0
618.0,949.7,45.49,30.88,2
333.5,5266.9,66.82,36.04,2
3599.8,39.8,28.23,65.86,0
2502.9,180.8,40.91,39.99,1
2496.4,564.5,44.33,30.12,1
110.8,3811.0,74.42,37.11,2
3279.4,371.7,29.86,33.52,0
560.1,6162.9,60.56,29.9,2
2271.6,246.5,45.64,36.32,1
695.6,2284.5,63.78,20.92,2
2193.0,1463.8,44.48037110022457,44.34,1
3668.3,74.4,29.84,77.76,0
822.7,810.8,61.71,18.62,2
2955.2,221.2,26.78,56.59,0
3817.8,166.5,30.11,33.37,0
573.1,1180.7,46.2,19.02,2
299.3,1733.7,93.68,38.89,2
2506.4,814.6,47.73,33.29,1
2280.9,429.7,41.84,35.52,1
2696.2,610.8,20.85,43.87,0
2697.7,610.3,32.84,32.31,1
668.1,1489.5,80.38,32.19,2
2954.4,95.3,24.8,69.37,0
1571.6,573.8,27.22,36.76,1
2812.3,405.8,28.99,43.17,1
2587.3,448.8,36.31,58.8,1
540.3,3950.5,101.64,10.31,2
2418.3,554.0,37.76,46.95,1
859.4,783.4,55.25,5.87,2
1356.5,329.5,33.51,32.03,1
3783.0,181.3,19.88,69.47,0
1388.4,2594.6,50.94,20.71,2
0.0,1434.6,52.82,21.56,2
2898.7,105.4,25.99,62.94,0
2540.3,848.5,38.58,23.91,1
1636.8,1683.0,75.92,17.69,2
1100.5,2084.1,74.72,40.92,2
1283.6,1508.3,39.99,5.93,2
1770.8,1748.0,52.7,37.81,2
3597.9,593.2,19.0,57.95,0
3418.4713481777408,632.1,33.92,37.37,1
627.9,1442.9,88.65,31.37,2
1774.2,734.7,24.81,27.91,1
3738.9,374.3,26.38,43.39,0
2245.3,656.8,40.54,21.29,1
3088.7,69.2,31.87,49.25,0
3390.2,130.3,23.65,55.89,0
2558.3,118.3,18.03,49.83,0
1971.3,753.8,24.0,11.77,1
3343.6,7530.609006539219,40.76,45.28,1
509.9,862.7,63.36,21.25,2
4095.0,165.7,20.07,67.17,0
3712.1,332.1,21.62,59.06,0
3284.5,341.8,18.18,26.29,0
2383.3,1008.1,35.73,29.76,1
2828.5,683.7171822166267,30.209378709176956,71.27,0
1956.9,323.8,26.41,56.1,1
2559.5,245.5,27.35,28.92,1
3604.0,275.1,26.99,34.23,1
2810.8,626.8,37.19,40.17,1
3800.0,1311.8,33.42,47.96,1
835.2,2322.6,57.74,29.71,2
3372.1,92.2,20.55,45.41,0
713.5509156818401,2512.0,55.49,24.85,2
3193.5,858.6,39.92,43.77,1
131.8,1581.4,52.12,38.94,2
4095.0,371.8,21.75,46.34,0
3097.2,81.9,18.49,58.19,0
576.7,3232.5,49.78,23.15,2
4095.0,232.6,24.93,78.12,0
2499.0,341.0,25.54,36.35,1
0.0,2702.2,56.19,14.8,2
276.9,5472.5,55.1,25.54,2
4045.8089173556095,56.4,24.49,61.12,0
1061.3,3460.3,69.21,16.29,2
3238.8,180.2,23.72,44.82,0
3887.6,75.2,27.58,40.59,0
2276.8,1206.1,32.03,56.31,1
2873.2,181.8,20.73,59.65,0
3826.4,230.8,36.25926708307292,72.95,0
1024.1,7652.268401424082,35.0,13.83,2
2808.4,151.1,23.84,71.54,0
2609.4,81.4,24.12,61.33,0
1786.0,913.9,47.27,24.1,1
2919.7,869.1,40.56,25.48,1
2743.9,718.5,29.59,44.59,1
2065.3,1090.2,34.9,26.23,1
744.2,916.6,85.75,20.74,2
1866.0,818.9,33.67,59.63,1
0.0,3714.4,56.41,33.09,2
934.3,3683.3,62.46,19.79,2
317.60411534619004,1866.1,65.62,43.79,2
655.1,822.7,35.6,22.88,2
1657.5,1350.0,88.06,24.34,2
847.1,719.0,48.74,13.45,2
3935.1,550.9,22.72,55.36,0
523.4,3202.5,64.72,23.88,2
1849.9,843.6,34.77,41.83,1
3706.4,171.1,25.52,82.33,0
109.8,2149.6,70.44,21.42,2
3441.1,137.2,19.47,37.58,0
3851.394379161739,4414.5,49.53,21.59,2
533.3,700.0,82.32,22.24,2
3061.1,99.5,23.83,56.13,0
1843.8,417.6,49.15,37.62,1
3008.4,83.0,23.26,36.52,0
1080.4,2991.2,67.55,28.25,2
2726.6,357.7,42.83,45.0,1
2617.3671391573653,3304.2,55.7,27.06,2
3489.9,123.6,16.96,67.34,0
1251.8,1529.0,36.06,61.46,1
3695.3,145.9,24.27,47.32,0
2448.2,220.1,42.79,37.36,1
301.0,1835.9,57.87,17.5,2
1613.3,1171.7,39.33,42.71,1
3844.8,158.5,30.05,33.92,0
3508.7,448.0102943570626,29.289673199354468,69.84,0
3530.2,635.2,27.8,40.6,1
2541.0,867.0,26.87,18.4,1
1817.0,5207.5,60.8,11.35,2
1603.5,508.3,38.34,40.58,1
3484.7,189.7,24.84,30.46,0
3504.2,37.0,25.64,74.05,0
2657.2,332.0,24.0,46.67,1
4095.0,170.6,27.45,54.63,0
1478.5,525.8,43.6,43.92,1
3320.0,245.8,24.66,59.14,0
244.0,2584.3,85.19,23.14,2
1659.3,279.4,38.38,44.59,1
1322.8,1984.3,67.35,21.71,2
4031.3,700.0,21.2,58.18,0
1482.5,1456.6,39.77,35.41,1
3881.9,593.721671957642,33.68441646758278,51.02,0
90.6,700.0,107.93,25.86,2
3542.7,150.0,24.78,27.07,1
653.6,1726.6,35.0,23.7,2
3061.5,69.4,19.52,58.05,0
3359.5,150.0,36.17,65.26,1
3767.4,1046.9,29.98,43.34,1
2082.4,356.7,34.04,35.26,1
2693.5,541.1,31.05,18.92,1
3443.1,59.0,23.15,68.76,0
3181.3,75.4,31.08,42.7,0
3622.3,481.6,20.26,69.25,0
2232.7,730.0,29.720345243880267,30.1,1
0.0,2384.2,43.28,3.85,2
1103.9,1025.8,33.42,75.0,1
3119.0,793.9,40.89,42.97,1
1235.8,2021.8,56.36,42.25,2
2168.9,309.2,24.46,42.07,1
4095.0,54.0,26.14,60.19,0
1371.1,286.5,30.87,30.19,1
1914.6,230.2,45.14,48.2,1
2986.2,89.6,26.57,56.89,0
698.0,2338.5,35.0,19.98,2
2863.9,69.9,15.92,58.82,0
2427.8,496.2,33.0,58.0,1
3073.7,29.3,26.89,69.9,0
3684.5,313.7,26.49,63.79,0
2825.6,1109.4,36.23,37.45,1
1583.2,742.1,44.02,37.09,1
1672.0,332.0,26.22,29.84,1
0.0,1280.0,86.67,30.37,2
3115.2,407.2,24.0,54.12,1
1989.6,611.3,32.03,35.76,1
4004.2,61.0,28.39,42.96,0
2870.4,586.1,24.9,59.59,0
2963.8,150.0,24.0,50.52,1
0.0,975.5,85.67,12.61,2
2197.6,504.4,30.87,40.12,1
599.4,1885.0,56.72,13.85,2
1803.4,3136.5,39.83,14.63,2
3298.2,348.2,23.91,61.99,0
386.6,3163.1,101.39,15.47,2
2851.9,420.5,31.25,63.26,0
557.4,2005.9,62.61,23.9,2
1823.2,1461.5,46.87,39.47,1
3678.9,381.6,19.68,47.68,0
3344.9,353.7,34.94,52.0,1
1248.5,3876.4,58.73,22.92,2
2302.4,727.0,34.84,26.9,1
2613.6,691.8,41.12,42.41,1
3156.0,122.4,27.98,51.32,0
900.0,616.3,26.71,72.44,1
4038.8,20.16425766326413,15.04,45.66,0
3836.2,35.2,25.5,47.23,0
3142.0,126.1,22.24,39.03,0
541.0,731.9,77.3,20.39,2
1221.5,1777.8,59.33,12.62,2
4033.5,515.4875117906691,32.92028634428733,62.48,0
387.0,1944.2,80.79,27.54,2
2960.4,729.6,43.06,44.6,1
3372.9,60.5,22.73,35.23,0
3312.1,264.7,26.13,57.84,0
1041.7,700.0,40.48,14.24,2
2867.1,923.7,32.44,42.35,1
1457.8,1018.7,86.91,21.08,2
2880.0,291.0,42.96,54.6,1
3127.8,393.1,27.49,56.4,0
3270.5,93.9,27.93,27.71,0
622.4,3138.5,76.57,36.71,2
1640.9,2465.2,66.83,15.35,2
3430.1,78.3,22.66,32.5,0
1229.5,489.2,44.69,43.61,1
340.2,1155.7,66.24,9.96,2
2980.4,529.5,18.51,34.9,0
3637.3,77.7,22.01,74.79,0
3245.2,339.1,24.71,65.24,0
562.0,963.7,51.06,36.62,2
3326.5,476.8,26.96,38.19,0
3027.5,97.0,33.76,73.48,0
3499.5,236.0,24.37,64.98,0
922.9,700.0,42.93,10.92,2
2245.9,879.4,40.54,31.14,1
3543.6,94.1,28.19,68.03,0
3137.7,97.7,27.9,53.57,0
2146.2,471.9,39.04,42.66,1
929.7,2238.0,66.06,17.82,2
2786.2,143.3,23.99,60.4,0
2355.8,266.3,30.51,38.72,1
2644.0,651.2,41.04,55.22,1
3127.0,208.1,34.15,46.18,1
367.7,2277.5,43.43,16.75,2
690.4,3649.1,46.96,37.14,2
2123.0,112.7,24.62,51.47,0
3304.1,249.9,42.31,49.86,1
278.2,1438.6,72.02,31.48,2
2616.2,247.4,29.2,38.85,1
2278.4,278.6,38.31,26.79,1
1292.5,1397.6,88.25,26.05,2
119.7,1852.9,73.33,21.79,2
2444.6,239.9,31.53,21.51,1
2045.0,315.8,41.75,37.38,1
3090.4,161.2,31.35,41.96,1
1982.7,445.4,34.57,27.28,1
3019.5,339.6,39.58,37.12,1
20.9,1209.2,51.8,27.2,2
1971.4,835.6,84.38,9.59,2
3578.6,186.3,29.12,54.74,0
3728.0,370.4,27.23,37.52,0
3132.3,111.7,24.7,48.69,0
2075.3,341.9,27.67,39.24,1
3131.2,264.4,34.39,47.29,1
3588.6,161.5,19.51,86.99,0
2761.2,722.7,31.74,40.98,1
1109.3,3521.9,56.65,13.77,2
4039.084917054972,4281.9,46.59,37.4,2
3254.1,3420.8500098202094,26.59,47.42,0
1642.4,1460.6,46.62,14.69,2
1933.2,544.1,37.24,20.78,1
2659.0,629.2,32.51,44.49,1
1087.1,2116.5,85.49,30.5,2
741.9,962.4,69.61,8.81,2
3453.2,71.0,21.53,29.76,0
2934.3,897.7,24.0,33.1,1
1620.5,2170.6,81.18,31.61,2
75.7,4849.6,81.13,3.0,2
3158.1,136.2,26.61,70.55,0
3183.7,626.3125912480377,33.074786490669055,82.27,0
427.5,2253.2,80.7,14.75,2
1241.6,4909.0,39.65,32.02,2
3068.5,262.8,25.17,73.41,0
3800.0,547.7,42.79,28.41,1
2416.2,257.8,27.73,48.11,1
2829.2,131.4,22.49,75.38,0
159.3,3232.0,59.13,18.48,2
737.9,2331.8,67.77,3.0,2
333.4,2463.5,52.26,3.0,2
1110.7,2938.2,35.0,21.53,2
4095.0,94.6,21.3,58.9,0
2480.6,814.8,27.64,30.22,1
478.4,1540.0,97.73,20.48,2
2512.3,230.9,27.84,52.18,1
2995.6,992.3,35.19,27.71,1
3471.5,180.3,32.11,42.79,0
2803.5,328.8,40.69,36.74,1
3143.7,572.3,42.38,37.27,1
1839.2,1138.8,33.21,22.47,1
274.0,766.6,59.59,23.43,2
1908.1,442.7,30.33,33.16,1
1059.9,3861.7,40.74,17.27,2
2542.0,328.8,35.4,38.92,1
3441.2,250.4,19.77,49.34,0
3123.2,84.0,27.4,51.25,0
1286.0,2915.0,56.39,13.84,2
1382.6,732.7,70.45,10.56,2
0.0,6970.8,59.88,13.8,2
900.1,1601.3,74.14,20.27,2
611.0,2144.9,48.21,12.51,2
1684.2,2130.4,28.51,18.45,1
3293.8,1040.3,25.89,22.02,1
3722.7,18.0,26.62,43.6,0
0.0,4339.7,60.05,8.2,2
3022.1,131.7,22.02,71.81,0
964.3,5342.5,66.11,23.27,2
4040.5,264.5,20.26,48.83,0
3286.8,186.1,16.91,40.5,0
3517.1,26.8,15.74,21.19,0
3561.4,82.3,19.11,54.37,0
3806.8,157.8,31.9,73.96,0
3714.8,700.0,35.57,56.15,0
3856.8,286.2,26.75,63.48,0
3076.5,692.88047911732,35.355694895780985,61.57,0
2338.1,234.9,23.46,85.42,0
769.4,1305.3,54.75,3.0,2
3461.0,203.8,26.95,61.43,0
179.6,2272.2,60.39,17.11,2
3565.5,1108.5,24.0,59.3,1
1522.8,92.85614373169216,67.1,29.57,2
1226.9,998.7,70.03,24.13,2
542.3,700.0,65.6,28.71,2
3992.9,239.4,29.36,47.49,0
2208.4,279.5,44.18,21.43,1
104.7,1233.6,65.38,8.13,2
3167.3,152.9,27.97,41.4,0
2508.4,1273.6,38.48,41.86,1
1280.4,357.2,32.22,71.19,1
603.6,2491.1,45.4,7.9,2
1099.0,3249.4,59.05,19.91,2
3053.4,537.4,30.45,31.29,1
2708.5,309.1,32.83,50.04,1
1752.1,719.2,33.23,59.56,1
3565.6,283.0,29.7,54.92,0
3443.5,220.2,26.2,66.54,0
3380.2,62.2,29.66,52.76,0
1827.8,481.6,43.14,23.01,1
2317.9,7835.390934615317,40.76,58.28,1
294.3,1718.2,54.19,13.62,2
3940.4,340.8,23.14,39.38,0
736.4,1690.3,71.3,38.4,2
1986.4,4288.3,37.33,9.99,2
1777.9,500.8,38.02,29.06,1
1081.9,1290.6,82.22,22.75,2
968.5,1141.2,54.99,36.73,2
1931.2,254.8,34.82,24.92,1
2965.8,1244.3,34.76,51.25,1
3295.2,2200.0,30.08,35.49,1
92.5,2400.0,86.23,31.68,2
3246.1,98.2,23.61,33.03,0
1657.6,237.8,43.51,47.76,1
1976.0,734.3,25.75,32.54,1
2030.7,1114.2,24.0,58.67,1
1757.1,2047.3,45.96,6.3,2
3609.5,40.7,20.67,44.69,0
2416.3,192.1,26.97,28.74,1
590.8,1149.0,44.79,14.07,2
267.7,1117.5,52.17,12.82,2
2905.7,96.4,17.18,66.22,0
737.6,2652.3,47.4,31.92,2
4031.982371562172,4093.4,52.94,29.84,2
2366.3,229.5,29.21,49.73,0
880.2,1818.9,48.65,3.0,2
3083.1,589.2,24.0,50.55,1
3211.0,238.3,46.46,31.67,1
879.3,3068.1,62.1,6.41,2
3124.8,139.6,16.89,50.3,0
1776.7,182.5,30.58,34.93,1
717.9,700.0,39.1,28.52,2
2153.3,838.5,40.26,22.14,1
3863.9,114.1,22.67,73.55,0
1963.1,643.8,24.0,18.37,1
153.4,1358.8,91.15,6.22,2
1902.9,715.6,40.53,39.61,1
571.1,5825.6,91.79,3.0,2
2332.7,530.0,33.96,38.52,1
1554.6,1859.6,64.83,40.16,2
1652.033663480185,188.2,29.58,64.2,0
947.7,1574.3,37.53,17.66,2
2741.2,1055.7,26.82,34.68,1
3235.7,397.0,25.49,10.0,1
452.3,1328.2,44.76238724940228,3.0,2
436.4,3811.3,56.84,31.4,2
2794.0,535.7,26.67,32.89,1
1646.9,1314.5,65.41,28.4,2
512.1,1855.6,63.74,7.92,2
3595.9,1677.6,24.0,70.12,1
4095.0,820.4535496644994,29.84592061856506,35.0,0
1060.9,870.1,40.03,52.27,1
3867.8,351.4,30.18,63.9,0
3228.4,168.2,21.95,52.9,0
2862.6,540.8,32.34,22.37,1
0.0,1609.3,104.79,30.75,2
689.0,1421.8,45.13,26.3,2
635.8,5334.4,53.08,31.94,2
2751.2,402.4,42.53,26.01,1
172.7,975.8,65.18,14.25,2
1659.4,2244.7,70.29,27.23,2
3218.8,10.3,28.65,57.81,0
2517.2,558.4,24.0,19.87,1
2928.9,216.6,35.61,40.03,1
3007.6,220.1,19.57,69.53,0
196.0,1987.3,77.84,3.0,2
3392.8,29.2,20.79,60.87,0
1131.3,610.4,38.15,28.91,1
1315.8,180.0,26.09,38.44,1
1043.8,1374.1,51.94,28.58,2
215.4,3000.2,93.57,7.73,2
1565.2,676.9,25.96,30.6,1
2119.3,408.4,24.0,49.63,1
1147.1,753.3,34.13,24.76,1
3560.7,107.3,17.98,49.87,0
2787.9,536.1,27.5,59.28,0
250.1,2593.0,93.74,13.44,2
0.0,3015.5,75.78,42.54,2
2503.9,425.7,33.8,35.69,1
2783.1,446.1,34.9,17.99,1
3743.1,193.4,22.95,75.48,0
1123.9,2152.3,78.54,16.66,2
3571.8,476.6,24.49,69.52,0
3290.4,402.1,17.58,53.5483318240299,0
4095.0,170.6,24.02,58.93,0
0.0,871.0,58.47,19.25,2
963.1,2268.7,89.75,10.77,2
166.9,1159.8,62.03,25.49,2
2550.4,1193.3,35.39,54.56,1
2056.3,1348.9,52.1,19.62,2
2684.9,115.8,23.27,58.97,0
3954.1,112.8,25.94,52.19,0
2818.7,427.3,34.82,47.94,1
716.3,1600.8,85.43,5.97,2
2648.5,222.6,23.44,46.0,0
3570.9,243.9,27.87,41.89,0
3644.6,340.8,19.97,58.84,0
3433.9,166.4,23.11,37.58,0
1773.7,982.2,40.02,75.0,1
2037.7,345.8,24.77,45.18,1
2544.8,630.9,28.36,15.12,1
895.2,2515.3,58.22,3.64,2
3842.0,15.4,20.97,45.88,0
2554.6,1111.9,30.93,52.29,1
4095.0,392.2,17.52,54.11,0
4095.0,136.8,21.14,55.6,0
2323.6,724.7895506484549,28.345660485598465,31.43,0
524.7,787.1,67.63,30.52,2
0.0,3486.2,76.54,22.0,2
3125.6,14.7,28.73,37.69,0
2746.1,1309.0,36.26,65.16,1
1137.1,1704.5,81.65,9.8,2
422.5,3044.4,48.53,12.24,2
3684.9,234.2,18.19,56.81,0
3735.7,386.3,26.53,59.93,0
2048.3,459.3,31.95,34.62,1
2904.7,1095.4,31.91,41.95,1
2951.4,215.0,36.96,42.73,0
2481.4,150.0,34.43,50.86,1
2739.5,1191.7,46.53,44.98,1
2518.8,938.8,38.49,28.47,1
2820.2,866.4,24.0,25.61,1
3028.8,355.8,28.83,57.99,0
834.3,700.0,35.84,20.34,2
1090.3,4323.9,69.75,20.36,2
475.1,1316.4,59.15,18.59,2
619.0,700.0,79.01,28.19,2
812.3,2249.7,76.11,27.64,2
734.0,2281.6,66.45,25.08,2
3263.9,1673.0,37.51,37.88,1
1841.1,622.2,28.81,46.45,1
3953.5,195.1,24.15,41.51,0
1987.0,700.0,72.38,32.63,2
3800.0,519.7,34.5,46.23,1
3386.3,616.3849792399716,29.346281084936436,51.57,0
3570.6,141.5,23.73,73.46,0
563.8,1803.3,51.14,17.09,2
885.7,700.0,57.46,21.61,2
1081.6,700.0,77.36,39.15,2
1024.0,1252.7,51.07,9.46,2
985.2,844.8,53.08,30.48,2
2947.1,33.7,21.41,53.09,0
1703.0,530.4,30.68,23.97,1
2924.8,1303.0,33.0,50.88,1
2532.5,852.2,34.12,37.03,1
1742.1,672.3,24.0,30.67,1
1410.8,1583.6,59.05,19.86,2
2946.0,264.9,28.05,74.18,0
3648.4,103.2,27.46,65.85,0
2003.2,506.9,38.24,35.4,1
3126.9,60.6,23.88,43.66,0
613.7,1830.9,93.34,27.44,2
1247.8,887.3,40.62,23.64,2
2845.3,640.7,37.94,41.02,1
2543.4,340.0,21.95,40.66,0
1098.2,2140.8,50.9,25.36,2
2669.4,598.2,40.73,25.28,1
4095.0,142.4,20.05,59.79,0
2261.6,3931.309044610216,28.98,73.77,1
1251.5,1988.8,53.1,3.0,2
3533.5,618.3,23.44,63.78,0
3546.8,89.3,22.23,54.26,0
596.9,735.7,59.07,24.05,2
4095.0,56.1,16.93,74.98,0
2234.3,910.5,28.01,31.4,1
985.9,4758.7,43.74,38.68,2
449.2,1241.0,74.79,12.56,2
3122.3,836.3,39.56,33.53,1
301.0,4820.2,59.19,12.68,2
1185.0,5670.7,70.83,27.17,2
0.0,2828.9,67.79,3.0,2
1339.9,919.8,73.36,3.0,2
0.0,7966.8917412404935,51.94,14.62,2
2018.9,150.0,29.2,45.67,1
1247.5,1285.5,58.72,29.93,2
29.7,1752.3,39.01,28.86,2
3568.8,170.4,16.43,66.14,0
3237.6,135.3,24.04,39.82,0
3847.5,189.9,17.11,73.1,0
1935.4,4787.9,50.05,11.21,2
2412.3,87.7,29.17,62.62,0
2928.7,505.2,45.29,33.96,1
1580.9,604.3,28.2,16.39,1
3138.6,203.1,27.72,70.91,0
2428.5,440.1,32.58,56.9,1
914.4,5027.6,78.02,17.5,2
2966.9,35.5,25.36,41.65,0
675.7,1938.0,80.8,31.89,2
907.2,1416.5,90.38,33.71,2
2519.6,691.2,17.79,65.85,0
0.0,1271.5,79.74,37.19,2
576.7,700.0,36.71,3.0,2
946.0,2311.7,80.97,20.41,2
3542.9,58.7,17.68,46.8,0
1228.0,3343.4,91.16,25.22,2
2868.8,167.5,23.84,56.87,0
2798.1,184.7,41.72,43.02,1
570.0,1319.9,44.56,17.78,2
1389.7,907.1012852383391,29.68,55.57,1
3124.1,408.2,23.1,62.37,0
289.1,803.4,59.42,36.99,2
3010.8,277.5,22.53,52.57,0
319.4,1417.8,55.89,23.88,2
1470.8,1165.4,37.81,48.75,1
3201.7,198.9,24.0,56.68,1
3526.9,264.7,21.9,39.5,0
962.8,9000.0,65.14,23.42,2
3304.7,148.9,28.14,28.42,0
380.7,1763.3,66.86,22.94,2
1005.8,2196.3,55.36,21.18,2
2754.5,789.4,37.58,66.47,1
3870.4,512.9444807048167,34.59083562834944,42.76,0
2521.7,677.9,30.21,34.05,1
2777.1,123.4,21.4,65.65,0
3339.1,296.3,26.32,65.49,0
2660.7,86.6,24.07,53.12,0
2225.6,321.8,32.14,23.91270986959657,1
3261.6,67.9,22.45,62.23,0
3118.8,153.5,21.39,53.56,0
718.3,700.0,62.22,21.53,2
2211.2,342.3,36.56,49.9,1
534.3,2215.2,65.63,3.0,2
4032.9,402.9,25.44,55.57,0
3434.3,78.5,27.87,71.9,0
3267.7,67.3,25.31,67.53,0
1006.4,2801.4,69.99,11.44,2
2559.1,1371.7,25.75,24.37,1
2645.1,433.6,32.89,20.35,1
2498.5,1124.9,28.91,54.67,1
2669.3,299.9,26.52,29.86,1
882.4,1910.2,50.31,13.43,2
2696.0,171.2,44.61,52.62,1
1088.2,2700.8,78.02,31.29,2
2762.1,665.4,38.11,63.16,1
3499.0,103.0,22.6,53.49,0
3270.6,87.1,31.14,66.93,0
784.5,1008.6,70.08,13.07,2
836.5,910.9,42.45,8.7,2
1939.8,164.5,29.74,37.5,1
1464.4,3146.4,61.6,10.03,2
3112.0,396.3,36.19,44.6,1
3693.2,20.2,12.86,49.26,0
3522.5,256.2,24.56,45.47,0
2728.5,307.3,24.0,31.074130484301932,1
2389.9,1035.3,37.22,42.71,1
3573.8,329.3,16.08,63.02,0
851.2,4970.9,45.68,5.42,2
3173.8,171.4,23.37,62.49,0
2187.1,242.7,36.27,41.72,1
729.4,1509.2,60.62,28.09,2
3950.5,781.5543361955152,34.777521793178465,76.87,0
2908.4,308.3,50.98,38.95,1
141.6,2279.8,80.04,21.42,2
3560.8,627.703460238261,31.67777475182264,51.45,0
0.0,1980.9,35.0,12.49,2
888.0,1961.7,65.83,25.58,2
3113.2,255.2,21.28,58.99,0
2462.4,550.5633027515828,29.788259100061694,63.2,0
1728.9,150.0,33.09,49.73,1
713.6,4144.0,54.93,26.84,2
2969.4,113.7,18.23,61.09,0
2200.0,638.1,46.49,25.95,1
783.3,700.0,45.36,23.43,2
212.6,3765.3,49.23,21.16,2
3044.1,150.0,46.59,30.59,1
642.0,4338.5,64.51,23.51,2
3615.0,220.0,23.7,67.5,0
268.7,2390.5,39.81,10.95,2
3696.6,291.3,26.87,65.5,0
3496.0,18.7,26.17,72.59,0
278.0,2197.3,61.65,24.96,2
2680.9,51.6,21.52,31.46,0
2584.9,743.4,29.46,51.89,1
894.0,2222.1,52.73,29.67,2
1374.5,1758.0,51.83,19.37,2
3901.8,304.8,21.83,47.71,0
1785.6,4179.5,64.67,17.14,2
549.3,6341.3,51.4,34.66,2
1290.9,1656.8,38.11,75.0,1
0.0,3668.2,83.44,5.22,2
1356.0,725.6,59.32,27.52,2
3141.4,190.7,22.52,52.69,0
3421.9,61.7,33.84,56.14,0
4095.0,237.9,23.91,62.45,0
1349.4,1972.5,63.02,3.0,2
1690.0,552.8,41.66,24.73,1
1354.0,2531.4,79.18,29.27,2
1729.1,355.9,28.06,63.78,1
1223.1,2267.1,62.23,31.39,2
1443.0,2200.0,32.38,42.19,1
1909.7,358.7,25.51,30.49,1
2978.7,309.2,27.23,14.65,1
9.5,1700.8,50.45,7.29,2
1870.7,2241.7,84.41,11.31,2
1261.9,753.4,77.63,21.71,2
3462.8,194.9,25.16,48.57,0
4076.9,624.4,24.6,66.89,0
3817.0,54.5,19.93,60.72,0
531.5,2067.9,92.54,23.85,2
2598.8,422.3,41.82,56.59,1
4000.2,152.4,24.31,39.54,0
3969.9,97.5,23.36,40.64,0
1530.5,3729.8,88.04,25.37,2
2332.5,781.5,34.75,25.1,1
3780.2,257.5,24.54,67.36,0
1864.4,315.1,30.41,28.87,1
3533.7,10.7,22.37,66.78,0
0.0,1057.1,53.17,23.99,2
4095.0,218.1,22.94,42.28,0
3286.0,150.0,34.06,40.96,1
2395.7,258.2,28.28,26.67,1
0.0,1059.3,69.4,33.64,2
50.2,1139.3,81.86,13.63,2
472.5,4837.4,46.64,11.2,2
1051.4,1452.0,62.98,15.69,2
1875.6,330.3,40.0,37.74,1
3885.8,119.3,31.06,57.93,0
732.2,700.0,36.38,16.73,2
3346.3,107.8,23.61,40.83,0
957.0,2778.2,35.0,10.64,2
3470.4,160.2,23.04,61.3,0
237.0,1800.3,87.38,3.45,2
3259.3,863.2308347776664,35.26908040493115,63.65,0
610.3,3857.5,35.0,16.81,2
2119.4,548.4,39.49,27.54,1
3293.0,297.6,18.27,53.13,0
3863.1,591.1,27.34,89.2,0
0.0,5271.774597055861,74.93,32.68,2
4053.6,181.6,22.44,42.3,0
0.0,3063.4,62.3,20.1,2
2439.5,991.6,35.06,49.73,1
2908.8,460.9,26.72,49.29,1
772.9476433061741,159.2,25.64,35.44,0
1701.5,2521.4,56.96,24.12,2
417.9,1755.2,64.53,20.78,2
2313.8,522.9,32.64,12.7,1
973.0,1004.7,66.6,29.07,2
3698.7,540.0,23.95,61.88,0
2064.9,841.5,38.54,28.56,1
422.0,953.0,48.94,26.85,2
3023.9,90.0,26.69,51.88,0
3094.8,279.2,25.19,45.74,1
3443.3,130.6,23.93,55.74,0
2801.1,147.1,25.59,69.05,0
2226.0,403.1,42.05,21.09,1
3377.2,166.5,30.18,31.04,0
2225.1,1209.0,24.04,37.36,1
1843.0,5241.3,70.96,28.19,2
3367.0,23.8,30.84,71.58,0
2909.1,394.0,35.89,33.41,1
3409.4,259.5,26.38,57.44,0
1079.1,2536.8,48.48,19.73,2
1493.4,1857.7,60.12,23.56,2
1186.7700228569765,714.3,51.45,9.7,2
3674.0,343.6,35.79,52.15,1
3077.0,449.9,23.97,69.6,0
2681.6,947.4,36.83,31.53,1
2752.5,52.7,24.15,59.04,0
416.8,866.1,65.19,13.91,2
4095.0,76.8,27.88,72.59,0
1232.4,750.6,81.68,15.07,2
2105.1,511.1,24.0,53.34,1
3562.2,51.2,18.7,62.96,0
2430.6,399.1,35.71,40.88,1
1407.4810540456444,711.1,49.73,23.77,2
238.5,5460.3,74.86,22.76,2
2137.7,362.7,30.55,29.87,1
3042.8,297.7,30.39,68.95,0
2856.3,759.3,36.7,21.26,1
3800.0,524.6,29.87,25.12,1
691.2,4043.8,44.97,24.73,2
3301.8,312.0,28.14,32.6,0
880.5,1184.7,41.75,25.32,2
3467.5,187.1,27.29,44.57,1
1678.8,285.9,24.0,38.28,1
585.0,5703.2,65.93,16.48,2
2881.373188215805,142.3,26.43,62.73,0
3122.4,234.7,26.37,61.25,0
2021.1,1001.3,41.74,51.5,1
1903.4,714.3,35.0,27.71,1
987.6,3534.1,55.32,41.42,2
1050.8,2019.6,33.03,38.99,1
3250.5,386.2,34.07,30.1,1
1614.0,284.2,44.19,59.0,1
1567.5,700.0,54.32,22.87,2
1183.4,392.6,35.9,41.02,1
1271.7,855.2,35.0,32.26,2
1181.8,3299.2,63.76,21.83,2
514.2,700.0,57.29,30.63,2
3725.1,28.7,22.36,52.65,0
1665.5,733.1,34.98,57.37,1
1658.0,1981.2,57.83,14.35,2
750.7,2551.5,85.49,3.0,2
705.1,700.0,65.52,21.97,2
3657.0,100.3,23.63,41.51,0
907.0,700.0,47.19,23.13,2
872.3,2544.8,65.18,33.53,2
2332.2,538.6,33.83,30.99,1
2415.0,199.8,34.56,26.06,1
1570.4,1511.7,90.37,7.61,2
2820.8,184.5,20.34,77.18,0
1393.2,3087.4,81.45,11.08,2
2206.4,903.8,28.36,36.09,1
2551.7,1765.8,32.5,34.24,1
885.7,2984.6,56.31,26.85,2
3612.7,210.3,15.08,33.07,0
2826.3,150.0,24.0,48.99,1
2793.3,354.7,29.67,61.17,1
1465.6,1648.2,37.28,17.41,2
1524.9,1126.8,48.99,36.03,1
911.0,2718.3,62.73,27.79,2
2914.0,622.7,38.67,68.67,1
3407.3,171.8,21.61,51.42,0
886.5,2176.3,50.14,18.96,2
1197.6,1450.6,57.64,25.83,2
0.0,2687.9,70.77,30.03,2
3590.6,91.4,23.47,57.43,0
3492.3,725.4106513506129,35.08941730856562,57.76,0
3273.7,300.4,23.86,63.93,0
2962.6,1097.7,34.46,29.73,1
3412.3,663.7,41.94,38.4,1
1702.1,1022.5,42.99,42.51,1
3367.1,113.5,26.92,77.96,0
1212.8,912.4,88.17,25.45,2
200.8,1606.9,48.89,13.28,2
2107.4,928.0,30.91,18.72,1
2727.7,885.5,41.85,51.7,1
1900.5,173.1,30.18,8.81,1
3162.5,223.4,25.1,66.52,0
2218.5,72.7,24.34,49.63,0
4095.0,87.5,19.11,32.78,0
996.2,3355.9,73.56,20.5,2
401.4,1329.7,40.49,11.31,2
3049.9,700.0,26.33,55.02,0
2227.2,759.4,36.75,41.98,1
3180.0,334.5,19.61,57.12,0
3945.8,87.5,29.21,56.67,0
1194.1,2208.4,77.16,35.93,2
4095.0,140.7,20.43,42.7,0
312.3,1302.0,77.08,10.05,2
3080.5,449.9,20.71,72.15,0
1263.4,1524.8,67.79,50.87,2
162.5,2663.9,63.14,9.52,2
0.0,4171.4,73.16,21.59,2
1742.2,728.2,36.65,46.41,1
2230.9,552.6,47.01,43.99,1
281.6,1601.6,100.58,28.34,2
3358.4,854.2211738287008,33.225184378522464,54.16,0
2288.2,259.3,32.48,40.45,1
2214.6,887.1,35.08,30.68,1
1331.5,1285.5,88.8571763311171,20.48,2
2276.4,923.3,40.31,62.54,1
2387.9,226.7,24.0,35.46,1
3212.6,84.5,28.78,73.76,0
3128.7,527.8,15.8,59.01,0
412.7,1234.5,70.62,6.5,2
3540.0,533.2,19.78,54.47,0
2200.3,439.3,24.96,37.48,1
3079.0,390.4,37.42656292516254,25.38,1
3535.4,647.3,51.24,39.95,1
848.9,2178.9,93.74,30.69,2
2485.2,682.9,33.88,24.89,1
3498.4,196.2,24.15,35.2,0
3680.5,50.7,20.18,44.48,0
4095.0,308.3,27.33,66.59,0
2667.6,340.7,34.73,44.02,1
3621.9,188.8,30.29,38.58,0
1710.3,750.8,39.95,31.6,1
2044.9,150.0,24.0,29.81,1
4095.0,237.1,26.16,40.88,0
2287.4,1304.2,33.98,30.89,1
0.0,3436.9,54.2,18.75,2
1058.2,5880.6,75.73,29.69,2
2908.4,1276.9,39.05,18.97,1
1549.9,1397.1,36.06,38.73,1
4095.0,214.9,30.77,57.28,0
3022.9,311.8,25.65,76.17,0
2161.0,375.5,35.9,44.34,1
3324.4,138.7,27.56,50.04,0
3597.2,41.1,22.49,62.76,0
3495.5,128.7,25.7,55.08,0
1196.4,387.7,36.04,45.97,1
3021.8,121.1,22.19,32.77962555959954,0
2104.2,150.0,25.4,17.44,1
3428.3,137.9,28.6,50.66,0
1840.9,710.8,30.9,29.03,1
2699.0,302.4,30.04,39.68,1
3783.7,94.9,22.72,63.41,0
2411.6,580.6,24.0,51.10695317862738,1
385.9,4224.9,44.38,19.98,2
155.8,2192.2,70.66,18.66,2
308.3,2964.9,52.9,7.5,2
927.3,2976.8,54.76,25.48,2
3554.4,48.1,22.97,70.76,0
3185.3,387.5,21.79,49.53,0
2265.0,701.2,39.07,34.6,1
2582.9,658.0,30.61,15.91,1
3265.7,803.5463947058652,33.34579781085627,46.0,0
1961.7,431.5,28.28,46.0,1
3886.3,131.8,27.86,25.03,0
2134.2,309.1,28.53729759983335,50.2,1
3498.8,519.8,26.49,51.63,0
393.8,700.0,56.91,17.86,2
3321.0,1297.7,35.85,26.55,1
3777.1,160.4,23.94,51.16,0
3596.7,106.1,22.35,61.42,0
3780.0,326.0,27.26,45.99,0
833.2,796.1,80.32,9.84,2
3583.3,88.7,23.43,60.52,0
4095.0,183.4,24.04,32.44,0
475.0,700.0,56.31,13.98,2
861.3,2059.6,65.52,38.49,2
1814.8,457.0,42.97,37.14,1
1904.9,2166.5,24.84,58.52,1
2732.3,458.6,26.29,46.69,0
3148.2,567.4,34.77,59.15,1
1614.3,700.0,35.0,16.69,2
3900.5,216.2,21.53,44.02,0
2641.4,356.2,36.99,57.07,1
748.2,2015.4,42.73,30.76,2
3419.0,325.2,26.22,47.15,1
2431.3,233.4,33.43,29.19,1
1202.6,1744.0,74.12,26.09,2
1982.3,2468.1,64.89,31.16,2
3922.1,188.2,26.31,51.49,0
2285.9,357.2,33.05,17.123013755709625,1
3381.4,187.4,19.74,51.97,0
2082.5,700.0,68.66,3.32,2
561.8,1673.3,58.37,16.59,2
2569.2,113.7,22.55,51.67,0
2185.0,1904.1,30.14,30.52,1
2255.8,1230.2,31.8,29.43,1
1347.2,1409.2,52.1,19.14,2
963.5,2005.5,71.35,19.64,2
3283.8,453.3,35.79,39.12,1
426.7,2348.3,35.0,29.13,2
2929.0,972.9,24.0,57.45,1
3804.0,101.5,28.84,76.93,0
3727.2,221.4,20.64,51.5,0
3409.2,155.5,16.55,46.10995491107495,0
900.0,839.1,34.09,49.39,1
3247.4,338.0,23.46,65.51,0
3146.5,477.5,25.17,43.13,0
2975.1,213.6,21.1,69.29,0
621.8,1811.1,75.62,30.41,2
3811.6,496.41133521669735,28.082106450269485,62.63,0
4095.0,537.2346767612673,33.22023137959313,46.96,0
3584.8,66.7,27.91,84.16,0
3530.5,137.1,17.51,83.62,0
1039.8,807.9,64.7,32.06,2
2716.9,150.0,38.35,34.83,1
478.3,2303.9,102.24,30.92,2
2126.8,571.2,33.89,61.12,1
3133.6,148.5,27.31,57.22,0
1518.8,272.5,24.0,49.16,1
991.8,2030.5,49.76,28.2,2
1256.9,3649.8,54.07,12.89,2
1964.8,1406.2,32.74,49.84,1
3715.4,75.3,29.35,45.45,0
4095.0,90.4,25.79,56.97,0
1035.6,700.0,59.57,20.16,2
3529.9,118.0,27.56,49.48,0
3406.5,250.0,14.65,74.43,0
1944.5,283.0,47.47,52.43,1
148.6,2371.0,78.7,32.74,2
1459.5,1088.2,37.43,34.2,1
1951.6,800.1,41.07,63.95,1
968.8,3024.9,63.56,24.93,2
3563.5,217.1,26.24,73.49,0
3364.3,176.7,31.62,45.44,1
3639.5,204.0,23.91,58.23,0
205.4,2044.1,82.4,30.79,2
2873.2,342.9,34.24,29.85,1
1896.8,349.3,24.0,35.4,1
2768.0,261.6,38.38,42.75,1
1060.7,418.3,24.0,59.3,1
1689.8755452462512,1955.3,60.33,23.58,2
951.6,1714.4,70.04,25.18,2
3216.2,758.9,35.65,19.19,1
2421.8,736.4,28.06,60.05,1
1209.3,4047.7,84.77,17.93,2
3800.0,1414.2,46.83,28.58,1
2616.3,554.0,37.24,32.69,1
3137.1,471.0,23.7,64.82,0
3081.3,201.4,20.31,55.6,0
3882.4,99.9,30.61,68.66,0
3412.3,74.2,21.68,55.81,0
2357.0,150.0,28.15,46.89,1
582.1,3623.2,67.11,28.56,2
1028.2,2713.7,56.43,19.09,2
777.6,1134.3,66.7,26.92,2
933.7,719.7,93.32,17.6,2
2880.0,684.1247689768992,35.22820361167009,32.41,0
0.0,4833.6,49.16,3.0,2
2267.1,406.3,39.31,49.62,1
548.2,2065.7,106.53,3.0,2
3093.3,260.4,17.58,61.55,0
2658.0,1198.1,33.94,41.96,1
684.6,1857.6,77.37,30.11,2
1014.6,4050.1,71.69,11.95,2
725.9,700.0,35.0,28.01,2
1976.2,193.4,28.81,8.0,1
1126.8,3710.7,85.51,15.26,2
13.6,1803.8,43.86,28.47,2
3540.6,235.6,33.0,59.68,0
1960.7,878.8,24.48,38.17,1
2731.7,406.3,26.79,36.0,1
3217.5,68.8,21.97,73.91,0
1664.7,903.6,34.31,36.87,1
837.6,2834.6,44.18,29.42,2
1761.6,275.6,27.95,25.81,1
1488.6,1492.4,43.24,21.32,2
1453.7,2229.2,86.13,39.07,2
3109.7,70.6,20.91,63.6,0
3383.4,43.3,18.35,46.89,0
2165.5,338.7,34.34,45.11,1
2940.5,150.0,34.28,29.06,1
2390.0,729.2,24.0,37.01,1
623.9,1450.3,57.7,24.03,2
3816.8,211.0,27.96,56.72,0
900.0,1846.2,52.18,40.21,1
3375.3,90.5,24.49,69.08,0
56.3,2220.5,82.39,26.9,2
3192.4,733.0971899726146,32.486143244272505,53.0,0
2711.2,498.8,19.19,85.05,0
4095.0,527.6,32.42,45.37,0
3192.7,1232.0,35.2,43.58,1
3423.2,254.0,19.59,34.8,0
4095.0,57.8,20.9,38.28,0
612.0,3408.9,44.62,17.86,2
3390.6,98.5,24.91,55.06,0
3979.3,468.6,22.95,52.51,0
825.2,4899.9,63.68,31.65,2
862.0,1675.6,53.72,26.69,2
61.3,5733.7,66.19,14.4,2
1996.0,1538.2,29.27,44.68,1
3762.9,171.0,27.04,40.75,0
4095.0,76.9,27.58,68.44,0
3807.9,138.6,28.01,49.06,0
1769.3,150.0,34.51,51.61,1
1165.0,3303.1,52.67,14.35,2
3298.5,882.8296782427294,34.99565882720443,37.74,0
1195.8,898.1,51.85,24.21,2
0.0,2532.3,61.14,23.31,2
580.4,2656.2,75.8,39.52,2
2421.2,763.2,28.13,40.61,1
1361.8,1047.5,35.85,42.93,2
1704.4,853.6,64.0,14.99,2
621.4,3350.0,35.0,17.64,2
1524.6,1101.9,26.07,8.0,1
3805.4,82.2,26.82,53.63,0
1749.5,527.1,28.27,14.22,1
300.2,1849.1,97.37,3.43,2
3232.1,317.1,27.64,41.94,0
161.5,1117.1,84.31,27.91,2
3132.4,109.2,19.03,65.32,0
1025.8,1021.9,62.47,13.94,2
3436.7,170.0,19.84,40.28,0
1741.0,6554.2,69.81,22.08,2
1095.4,860.8,35.0,14.75,2
2888.9,901.1,38.86,56.65,1
1397.9,2200.6,67.29,29.54,2
2583.3,301.3,27.41,65.97,1
2570.1,449.7,45.74,73.49,1
2236.8,451.6,39.95,35.67,1
480.1,1650.8,65.44,20.36,2
2332.2,289.8,21.05,86.44,0
2714.0,223.7,23.06,53.06,0
1277.5,2888.1,59.58,17.6,2
2886.7,209.9,12.04,58.47,0
3688.5,235.0,23.42,54.91,0
3410.6,459.8,24.12,57.59,0
1922.1,2200.0,28.463533104269438,13.15,1
2061.7,1400.9,30.4,23.14,1
3748.5,232.6,24.61,62.95,0
2307.4,1601.9,44.71,46.85,1
2257.8,150.0,24.0,43.88,1
3123.2,959.8,28.85,53.36,1
3540.1,170.7,17.87,41.91,0
3360.2,212.1,19.16,49.99,0
3820.3,95.2,25.77067656495154,22.57,0
436.0,1252.1,72.25,29.48,2
2550.1,414.4,45.47,52.62,1
1082.3,1940.8,47.9,18.27,2
1014.4,1143.7,96.42,21.0,2
67.9,2678.4,109.57,3.63,2
1212.3,1976.4,35.0,16.52,2
4095.0,70.9,27.02,73.59,0
2938.9,100.2,26.64,71.95,0
3201.280086619315,1102.3,34.69,64.52,1
2200.0,3130.4,97.14,29.69,2
3022.4,395.1,24.0,51.53,1
1658.6,2560.8,46.17,28.36,2
2892.1,363.8,27.04,28.53,0
223.3,9000.0,78.6,19.7,2
2059.2,150.0,32.96,33.93,1
2845.0,830.4,35.43,69.19,1
3376.5,109.5,22.98,62.46,0
2740.0,70.5,21.52,42.16,0
1.7,3553.6,37.34,18.08,2
3878.4,37.9,25.1,35.98,0
896.4,2307.0,60.15,15.86,2
432.3,3823.9,100.74,23.94,2
277.8,3939.2,64.03,33.32,2
2828.1,316.0,26.15,50.39,0
0.0,1189.0,57.29,3.0,2
3612.1,98.5,25.51,64.18,0
3464.1,115.5,20.84,75.97,0
2930.3,28.9,18.86,73.52,0
2856.1,256.6,35.67,27.64,1
3275.5,143.0,19.31,52.566805917759275,0
3244.7,200.2,45.82,63.05,1
640.6,1809.0,71.42,19.1,2
3562.9,97.6,22.7,33.46,0
99.2,2315.3,96.7,31.34,2
73.0,1830.4,90.21,22.24,2
1762.6,1127.6,47.83,40.78,1
2612.6,150.0,36.87,48.1,1
0.0,1689.0,71.91,29.77,2
445.4,2359.6,45.78,31.71,2
2593.2,5504.789472806739,25.57,30.38,0
3907.2,139.1,22.97,39.85,0
1053.3,1392.8,44.69,10.41,2
0.0,700.0,74.56,32.37,2
3567.2,193.6,19.85,65.13,0
2880.9,1009.0,24.0,28.01,1
3251.2,439.7,25.63,39.56,0
3720.4,134.2,22.9,49.8,0
3248.8,488.6,20.7,65.86,0
2835.1,196.9,24.78,33.89,0
3573.2,122.4,17.13,41.09,0
4095.0,377.4,23.66,39.2,0
440.6,1092.2,49.79,20.2,2
666.5,700.0,70.41,29.23,2
2781.1,1374.2,31.29,42.64,1
529.7,2653.5,35.0,6.53,2
2896.0,578.3,40.5,42.46,1
3887.8,189.2,21.86,44.98,0
2622.8,441.5,48.61,44.77,1
610.2,2245.0,68.82,28.93,2
3942.9,96.5,20.26,59.13,0
3352.5,676.4,29.48,51.18,1
1067.1,2865.1,39.28,31.89,2
1487.5,888.4,29.67,39.26,1
2521.4,923.5,37.56,47.55,1
981.9,2733.4,64.15,40.56,2
1267.1,3884.7,42.77,32.98,2
4095.0,434.5,24.96,73.41,0
1100.1,2018.9,67.46,39.11,2
424.9,3410.7,56.11,21.99,2
667.2,857.9,64.4,16.29,2
0.0,3658.2,94.71,13.79,2
138.6,700.0,60.43,22.89,2
2421.9,222.6,35.92,29.97,1
642.4,857.7,71.81,10.7,2
3800.0,1351.6,28.64,34.18,1
2015.5,407.8,38.74,41.26,1
2759.8,168.6,24.18,76.25,0
3225.7,195.9,22.63,32.82,0
3363.6,264.0,30.23,58.81,0
1939.8,516.7,41.76,33.96,1
550.3,1886.6,35.0,18.8,2
3166.4,1022.8,37.06,12.7,1
2557.1,839.3,40.04,43.39,1
2593.3,595.1,37.32,46.08,1
86.3,3125.4,56.04,26.17,2
2894.0,482.2,38.67,0.0,1
2021.3,1228.6,24.31,32.46,1
3117.9,199.7,27.52,55.44,0
1005.7,2302.9,81.78,32.62,2
0.0,700.0,73.5,26.81,2
3432.1,523.4450616955139,35.211380772814636,44.69,0
3055.4,162.9,26.64,78.92,0
1810.2,273.4,41.48,27.78,1
4095.0,48.8,28.62,52.61,0
956.4,882.6,35.0,24.0,2
0.0,1913.4,81.53,28.11,2
3898.0,551.8,32.34,39.5,0
2452.8,530.0,24.0,53.93,1
2774.4,477.15729114854514,32.83453233087696,64.7,0
4095.0,212.4,19.9,72.89,0
2782.2,328.7,34.56,50.23,1
2929.7,825.3,41.27,41.97,1
1361.9,3029.0,75.66,20.48,2
3185.3,412.6,26.16,59.96,0
2798.3,1858.4,37.25,33.98,1
3706.6,1060.5,41.61,29.56,1
0.0,2893.6,59.53,13.34,2
2667.8,133.0,29.26,41.26,0
867.0,3227.1,71.88,10.2,2
2572.5,379.4,28.59,40.72,1
2374.0,464.4,46.53,15.62,1
555.1,1421.8,68.93,23.16,2
3806.8,152.0,27.89,55.78,0
2807.8,584.1,39.63,26.25,1
1978.5,781.3,25.83,16.86,1
1922.8,744.8,25.57,37.94,1
891.5,2060.2,39.33,36.01,2
3800.0,735.1,28.35,41.84,1
3428.5,328.6,25.27,47.96,0
2787.1,279.1,24.99,52.34,0
1854.9,809.1,38.81,49.75,1
3800.0,870.3,30.88,55.5,1
2496.0,243.1,29.57,46.81,1
842.7,700.0,90.03,33.45,2
3655.6,107.1,30.09,48.34,0
1633.3,1383.3,70.61,37.1,2
3342.6,372.3,39.79,31.72,1
2191.9,175.8,45.58,31.52,1
911.3,2709.2,62.57,22.52,2
2334.5,1662.6,30.4,16.9,1
3034.5,700.0,16.57,69.94,0
1453.6,2237.8,80.8,14.74,2
1658.1,1679.9,98.14,4.61,2
3748.2,145.8,25.27,73.72,0
2931.8,857.2,41.2,69.87,1
3519.6,772.4928424640256,30.770761056340532,49.23,0
3143.1,107.1,22.09,48.61,0
2143.3,200.2,24.0,35.27,1
1874.7,193.1,44.02,40.99,1
644.5,1880.3,35.75,16.69,2
2609.6,986.2,44.13,58.43,1
1717.3,698.8,24.0,38.87,1
4095.0,333.4,22.86,48.71,0
2784.6,760.9,24.0,30.63,1
3277.9,163.5,30.4,61.69,0
227.3,2775.8,65.8,20.12,2
2872.1,842.0,24.0,37.34,1
821.1,2667.9,35.0,31.1,2
2661.7,440.9,24.14,28.28,1
2125.6,604.4,24.45,47.32,1
3754.1,30.3,20.32,69.97,0
3530.3,148.5,21.08,62.15,0
2507.9,530.5,39.78,47.03,1
3433.8,131.1,17.52,40.42,0
1794.2,201.0,35.19,50.7,1
3223.4,516.9,25.73,69.28,0
2623.0,150.0,35.08,56.26,1
804.3,1916.1,84.44,33.9,2
2541.8,248.9,38.95,29.85,1
980.7,2214.1,75.65,22.15,2
647.6,3103.3,42.03,4.61,2
1676.7,427.2,26.05,32.24,1
1896.0,790.9,50.66,18.85,1
4095.0,608.5,24.98,55.05,0
3980.4,430.29920650442347,29.340553096703445,66.03,0
3564.4,263.6,23.47,64.79,0
3553.7,414.8335269322622,35.062041309470445,28.59,0
2788.3,300.6,35.75,27.6,1
4095.0,272.5,25.94,32.3,0
1398.0,754.4,28.03,34.43,1
3050.1,228.6,23.51,47.59,0
3877.0,222.8,29.24,59.82,0
2272.3,7486.583067398046,42.12,43.5,1
388.0,2957.9,93.08,30.72,2
2896.8,473.2,40.77,30.96,1
1873.7,7632.272308603068,25.46,45.11,1
3178.4,50.5,30.84,53.55,0
4095.0,404.6,20.42,93.82,0
914.7,494.1,35.72,59.3,1
2910.6,170.2,31.07,36.95,0
830.7,3218.0,75.03,8.85,2
1770.9,412.4,34.2,18.1,1
422.6,1068.1,64.88,23.57,2
3295.0,207.3,37.36,35.22,1
3383.6,495.9,23.61,78.97,0
184.2,1412.1,39.39,40.77,2
1988.9,1149.0,39.45,59.91,1
3051.6,467.9,28.41,27.58,1
978.3,776.8,54.0,23.83,2
717.2,3640.2,77.57,16.36,2
2246.1,468.4,32.03,28.57,1
0.0,1333.2,45.78,38.27,2
3184.9,626.6,25.61,52.5,1
2241.4,1217.8,44.37,36.06,1
2162.3,756.7,34.05,46.16,1
552.5,1940.2,49.4,26.25,2
3710.3,249.4,24.91,65.62,0
2837.0,150.0,41.61,25.55,1
1076.2,3310.6,80.82,12.26,2
291.5,1452.7,82.09,21.34,2
695.5,1587.8,81.35,17.9,2
528.1,2216.9,52.92229770545285,3.0,2
903.9,1823.9,46.7,17.35,2
1092.2,2575.9,35.0,29.76,2
3756.5,240.7,18.3,52.07,0
2036.8,234.8,42.47,62.2,1
0.0,1686.5,53.91,20.91,2
2232.8,431.3,32.48,34.56,1
3494.8,26.0,22.85,47.56,0
1101.5,1748.6,56.32,18.93,2
1457.6,700.0,60.63602362699132,20.73,2
1734.2,164.3,28.04,34.91,1
2361.5,323.1,28.54,42.22,1
3194.1,485.1,38.6,44.84,1
1546.9,521.9,36.76,21.26,1
3076.9,200.0,18.39,56.1,0
2859.2,204.1,25.85,52.63,0
3541.6,284.2,20.92,43.67,0
1935.7,566.4,26.36,41.61,1
2242.2,1297.3,39.75,28.69,1
627.6,700.0,78.98,34.27,2
3052.8,444.5,28.87,26.9,1
3590.1,257.9,20.56,46.98,0
3671.7,195.7,22.24,62.22,0
3068.7,413.5,26.57,58.65,0
707.1,3089.8,37.45,32.71,2
2084.5,224.1,28.86,48.73,1
1369.4,1397.1,51.08,24.02,2
785.2,1164.2,46.59,39.95,2
2251.9,460.2,33.43,42.48,1
2283.9,404.0,36.0,45.61,1
338.0,700.0,35.0,30.32,2
3488.9,221.6,17.4,41.78,0
1221.5,1352.6,61.71,7.86,2
2632.4,386.8,47.07,51.45,1
3303.2,415.47984060248797,28.97080020426233,48.75,0
2782.8,113.7,26.6,49.12,0
3963.3,700.0,29.72,47.1,0
1453.7,959.8,40.0,45.5,1
3369.7,106.5,20.54,53.39,0
3013.5,279.0,18.26,69.98,0
398.4,3288.5,72.88,38.88,2
2789.5,945.7,24.0,8.0,1
3971.4,689.1688677886169,35.79590729880822,51.34,0
3491.7,232.0,24.55,59.05,0
3013.6,80.9,26.51,39.62,0
2982.7,270.7,36.11,53.28,1
1409.3,896.9,48.4,23.3,2
3361.1,271.8,25.27,20.5,0
1337.8,641.5,33.27,30.24,1
718.5,2765.8,66.75,7.36,2
184.1,953.6,35.0,42.45,2
3498.3,653.1,20.02,34.47,0
1011.4,1303.7,59.57,17.81,2
3690.9,1461.7,34.44,22.52,1
1525.4,1106.0,74.72,12.71,2
1028.0,2017.1,92.31,30.93,2
2025.0,251.0,24.0,43.41,1
2986.4,494.8,25.23,66.29,0
3417.0,173.8,25.4,49.07,0
1461.0,152.0,26.78,33.07,1
1670.7,700.0,72.37,24.851242031256916,2
3284.5,654.9,38.1,40.42,1
1467.6,2790.7,80.28,5.13,2
542.2,700.0,94.15,19.8,2
1999.0,199.1,28.49,38.81,1
3272.8,961.9,32.48,10.86,1
2626.4,150.0,30.54,37.4,1
1519.1,283.3,35.02,34.25,1
2765.8,525.5,29.46,30.06,1
983.9,1240.1,44.02,20.86,2
3716.2,103.2,22.54,64.2,0
3007.0,19.6,32.17,60.61,0
253.9,2218.7,80.75,23.49,2
3063.6,235.8,41.8,40.08,1
613.0,4064.1,41.02,15.05,2
2390.7,384.4,31.24,23.94,1
592.7,2668.8,75.78,22.29,2
3078.2,61.8,22.28,41.29,0
2998.2,218.6,24.12,69.96,0
578.4,1731.6,35.0,3.0,2
3437.0,94.3,22.63,78.53,0
4095.0,18.4,28.29,52.04,0
2766.2,1953.9,36.85,46.88,1
3199.4,78.9,18.01,76.37,0
635.5,1347.2,66.42,24.62,2
3508.2,273.3,21.0,47.15,0
811.4,700.0,65.33,10.24,2
2739.8,29.0,18.36,46.72,0
588.4,5815.837697021351,78.32,19.98,2
3680.3,836.8,37.74,52.79,1
1692.3,3838.1,49.34,36.18,2
2059.2,1235.4,24.34,36.57,1
3328.8,504.5,22.88,59.45,0
0.0,3340.1,58.57,22.74,2
2207.0,150.0,29.45,67.45,1
2207.4,662.4,40.55,37.71,1
3857.7,274.5,22.62,44.45,0
2712.2,623.1,31.01,34.67,1
2418.2,150.0,34.48,27.3,1
3483.2,231.5,24.77,82.21,0
2565.7,40.4,22.21,68.7,0
2161.6,333.5,39.13,57.19,1
511.2,1878.8,73.53,19.24,2
2718.3,601.6,38.57,45.93,1
2007.2,570.4,39.31,46.66,1
802.6,5696.1,43.2,28.01,2
2428.2,736.5,28.04,55.47,1
2620.9,397.2,24.0,52.33,1
1008.5,1183.8,53.35,32.21,2
3114.6,355.9,27.19,63.9,0
2717.0,770.8,29.97,35.29,1
3445.9,89.1,21.79,63.47,0
3128.7,463.6,24.0,36.62,1
2361.7,202.9,33.11,37.72,1
223.7,1814.6,76.39,33.97,2
1430.1,2166.9,83.59,22.82,2
819.6,3835.0,39.4,30.21,2
2970.8,389.5,25.19,62.17,0
1015.4,700.0,35.73,14.77,2
900.0,255.8,28.43,67.83,1
3364.9,619.2482169392807,35.82357129802767,31.33,0
2706.5,729.4,31.34,27.41,1
1922.6,256.4,33.88,31.05,1
709.0,762.0,60.88,29.73,2
400.2,700.0,60.07,12.98,2
1675.8,700.0,75.81,17.24,2
335.4,1552.3,97.29,21.45,2
43.9,762.2,42.82,29.92,2
1892.8,509.2,31.54,24.82,1
3722.7,156.8,35.14,55.8,0
2739.9,263.9,22.34,40.13,0
0.0,2864.2,35.0,21.66,2
1139.2,700.0,79.21,21.44,2
2923.3,322.9,24.0,32.14,1
3319.4,37.2,19.57,64.26,0
3021.0,423.2,38.43,51.84,1
1444.0,968.2,54.16,26.93,2
0.0,2096.3,68.17,20.62,2
1566.0,268.0,36.95,36.58,1
1924.7,369.6,35.71,30.82,1
2134.6,150.0,35.64,75.0,1
3963.0,137.6,29.88,47.84,0
3736.6,124.2,16.29,18.55,0
3461.6,227.8,25.83,37.1,0
2269.2,446.3,29.74,24.79,1
849.2,4589.1,67.33,8.09,2
1987.9,688.4,40.2,67.7,1
1878.1,2300.8,49.47,26.03,2
3216.5,520.0,31.92,61.23,0
908.1,3710.5,84.54,32.75,2
3225.3,166.2,22.35,20.67,0
160.1,1796.8,39.87,12.47,2
468.9,4465.8,41.44,17.11,2
2864.6,295.6,25.04,61.54,0
3457.5,224.8,22.9,61.75,0
2962.3,724.8,29.4,25.55,1
3554.0,86.6,20.42,75.65,0
3047.8,187.6,31.23,65.54,0
2182.8,341.3,24.0,56.36,1
1385.3,1576.8,54.61,17.9,2
2881.4,412.1269589095811,33.640105183001914,52.65,0
812.7,1091.2,66.38,37.3,2
3343.8,215.9,34.17,70.92,0
2130.2,252.2,33.05,18.34,1
780.0,1770.5,60.05,7.26,2
3361.4,158.5,15.3,37.79,0
900.0,1682.3,38.68,52.07,1
799.5,700.0,78.87,18.16,2
0.0,2074.5,52.83,12.77,2
2412.4,739.3,28.21,30.24,1
16.8,1468.2,59.66,36.68,2
2135.8,261.1,27.42,51.34,1
1961.4,494.2,51.69,48.69,1
2810.6,398.7,36.48,33.56,1
2702.9,759.3,37.86,32.72,1
3584.3,8304.93232503132,30.27,18.74,0
3135.7,102.8,26.69,45.52,0
4095.0,201.6,19.0,70.88,0
2726.4,970.2,36.64,36.15,1
1882.3,259.4,30.27,56.31,1
0.0,3144.6,70.69,30.89,2
2457.4,1105.7,40.1,27.71,1
2760.2,160.8,29.03,65.15,0
3554.0,488.2,35.32,54.67,1
2289.3,913.4,24.0,51.94,1
2219.5,1067.3,26.7,29.08,1
359.8,1826.6,104.62,17.22,2
3049.0,108.0,22.31,53.74,0
2984.5,83.8,29.31,60.05,0
864.1,1162.1,46.15,11.55,2
2958.4,1232.4,37.96,26.77,1
900.0,150.0,30.02,47.24,1
579.1,3778.7,53.4,16.01,2
4013.5,174.6,19.25,45.35,0
1448.6,150.0,35.04,38.18,1
700.6,700.0,56.94,13.29,2
2488.2,331.5,24.0,63.19,1
1855.9,480.4,42.27,22.83,1
1656.2,409.9,30.42,43.83,1
1242.1,321.9,24.65,59.15,1
4095.0,131.7,23.39,59.28,0
1326.9,2033.0,47.25,23.56,2
2598.6,150.0,31.9,45.39,1
3444.2,197.6,26.78,49.57,0
2969.8,433.5,26.97,40.47,1
721.2,4045.3,36.7,9.82,2
4095.0,221.7,27.98,62.98,0
2699.1,158.8,19.02,41.98,0
461.7,3549.0,39.58,23.34,2
1872.3,1183.6,31.3,34.07,1
2045.4,224.8,41.9,75.0,1
3932.7,189.8,21.74,38.15,0
3759.5,503.57931021001417,32.24897769838059,60.37,0
4095.0,382.1,21.69,54.35,0
2195.0,228.0,35.94,43.69,1
1807.3,5783.3,55.69,26.31,2
3382.2,696.1862959586688,33.94118926396133,38.18,0
4095.0,60.4,24.86,64.64,0
3024.0,51.5,20.92,69.38,0
1551.3,221.5,37.65,37.73,1
456.5,3073.1,55.18,17.11,2
347.9,700.0,70.57,19.32,2
4018.9,627.1,21.54,24.6,0
1874.4,383.5,34.95,34.27,1
1849.8,150.0,42.36,41.75,1
3155.3,383.9,24.81,45.87,0
2104.6,150.0,41.6,18.49,1
387.2,4357.1,95.41,31.86,2
2848.2,492.8156158292701,30.475995871177638,39.02,0
3670.7,331.6,24.49,51.73,0
2058.3,150.0,36.07,52.06,1
658.6,1191.2,76.92,20.21,2
2260.1,887.8,35.86,25.61,1
2916.5,437.7,31.52,66.88,0
3346.5,354.4,27.09,53.08,0
2690.8,583.4154360641384,33.85493382098493,45.74,0
3825.1,237.3,24.16,36.71,0
2513.5,537.4,21.64,67.62,0
1419.6,1849.8,42.47,9.76,2
3622.1,151.6,24.56,74.74,0
2379.8,653.7,37.86,44.51,1
4095.0,74.7,27.24,56.41,0
2261.9,150.0,41.53,41.66,1
2361.1,533.7,28.71,32.38,1
3073.1,122.0,23.83,67.99,0
3155.9,421.9,40.41,58.44,1
2415.7,484.5,33.49,49.72,1
2395.6,710.8,24.0,64.05,1
2922.8,1469.1,38.09,60.02,1
593.5,6433.6,76.25,14.62,2
3800.0,364.9,24.0,41.84,1
4095.0,452.9,20.68,69.16,0
855.3,3575.4,40.86,26.48,2
1449.5,2961.1,53.27,11.94,2
1362.2,3531.5,37.46,26.36,2
3386.8,348.8,23.69,62.44,0
1224.5,1136.1,74.18,24.15,2
3111.5,375.4,21.79,71.32,0
1670.8,633.1,26.23,36.9,1
4095.0,157.6,25.47,59.77,0
3557.4,150.0,36.97,29.36,1
41.4,2500.2,71.76,15.25,2
2455.9,503.3,37.16,20.33,1
3646.2,66.4,31.28,42.38,0
3664.9,494.0,28.21,71.63,0
2193.5,440.7,30.41,46.25,1
3884.3,362.3,23.13,62.14,0
2095.7,760.2,29.84,43.99,1
0.0,1745.5,82.45,40.14,2
1374.1,741.4,34.61,35.81,1
3603.5,247.8,21.3,47.87,0
1631.5,858.3,37.35346251639358,33.42,1
1681.1,319.2,43.26,21.16,1
1847.6,607.5,36.17,36.16,1
1486.4,2441.1,50.36,28.55,2
945.1,2430.4,35.0,20.6,2
1229.4,1096.5,35.0,30.16,2
2272.2,582.7,34.27,38.72,1
2617.7,330.6,27.27,32.25,1
3345.6,366.8,33.48,49.31,1
1209.6,2184.3,79.13,22.74,2
4008.6,307.6,31.57,80.08,0
4095.0,87.6,22.04,65.1,0
1439.7,226.5,24.0,31.38,1
3372.6,316.9,24.3747968424317,65.34,0
3622.5,1234.2,41.78,8.65,1
54.2,1256.8,43.59,29.55,2
1470.6,2524.2,35.94,15.01,2
2346.0,697.4,30.01,35.01,1
3493.2,393.8,25.95,58.86,0
1266.4,1159.5,47.64,34.99,2
247.4,1448.5,43.82,32.84,2
3626.8,40.2,24.32,65.09,0
2483.3,328.4,41.9,34.94,1
2607.9,110.1,18.38,64.79,0
521.3,4808.7,55.07,27.24,2
2989.7,195.7,23.31,64.79,0
157.0,980.0,65.26,25.98,2
412.3,1719.0,72.54,36.06,2
912.6,1418.2,85.28,23.0,2
1375.7,708.6,59.15,9.42,2
541.1,2077.8,64.4,15.02,2
0.0,2503.0,35.0,28.19,2
2776.1,636.8,16.04,60.8,0
1320.5,744.8,27.46,25.22,1
3473.4,155.3,23.67,50.37,0
3762.2,347.4,28.18,32.84,1
777.1,2261.8058628031854,76.19,23.11,2
2889.2,318.2,35.76,28.75,1
552.0,1797.3,91.6,11.58,2
2096.4,869.0,37.96,33.82,1
1131.5,4728.5,46.42,32.94,2
342.5,2556.9,79.37,31.54,2
3289.4,351.3,27.46,64.67,0
3342.7,120.5,31.85,70.09,0
2714.7,290.2,30.42,68.84,1
520.0,3114.9,98.22,17.25,2
3054.0,320.6,22.77,48.85,0
3800.0,1523.6,38.68,42.62,1
1774.6,559.4,38.04,52.2,1
0.0,1309.1,60.82,20.61,2
410.7,3677.0,35.0,16.99,2
1121.4,1552.0,75.73,24.37,2
1391.5,1218.6,53.82,6.94,2
2361.1,256.3,24.0,29.57,1
1975.6,435.5,36.95,23.19,1
3520.4,150.2,30.92,42.47,0
3566.8,158.2,28.08,57.98,0
1300.4,8976.783637809749,41.53,43.58,1
3485.7,285.4,28.72,57.86,0
3544.9,412.1,28.09,55.84,0
96.7,2668.9,49.65,43.57,2
525.8,2605.8,67.99,29.68,2
3840.8,550.1229542295342,33.50267246879799,49.48,0
3832.9,560.9,17.39,36.59,0
1855.4,496.1,35.31,50.59,1
3485.2,228.8,30.39,40.51,0
2296.1,600.5,32.62,29.44,1
745.0,2968.4,49.99,34.86,2
3711.4,139.7,27.31,54.21,0
3490.5,104.0,18.53,45.34,0
3370.2,230.0,14.01,48.18,0
2423.6,150.0,25.53,21.29,1
2357.5,274.8,39.59,36.81,1
1438.2,953.6,67.73,13.63,2
3270.5,39.3,25.98,52.42,0
2596.9,842.7,37.64,13.74,1
3943.0,426.1443674528721,34.55224097364202,59.06,0
3671.6,220.2,23.97,44.88,0
3382.7,62.1,27.01,64.38,0
3916.3,1801.3867521194043,17.95,55.55,0
2773.6,1266.7,27.39,62.42,1
2508.3,871.3,28.83,52.64,1
374.3,4103.0,93.94,42.26,2
2326.2,1514.1,32.34,21.17,1
3374.1,759.1,24.91,48.28,1
2988.9,282.2,22.49,56.73,0
462.5,913.0,55.83,20.93,2
4087.4,215.0,19.52,54.74,0
3530.3,1198.7,42.46,24.47,1
1245.1,1290.3,69.68,3.0,2
2047.8,4040.1,44.99,9.34,2
447.26035694694025,79.9,25.81,52.46,0
2065.0,960.8,43.4,38.53,1
75.8,3586.8,62.6,34.43,2
2799.8,466.4,32.1,39.94,1
2920.3,179.9,21.14,51.72,0
2802.3,736.1,35.09,51.61,1
1116.1,2664.0,43.05,15.63,2
871.4,1862.1,82.48,18.59,2
678.1,1497.1,84.86,3.0,2
528.1,3458.7,59.36,25.3,2
3414.9,209.4,20.1,40.12,0
4095.0,514.717875350016,35.70667349808414,66.02,0
0.0,3487.9,53.13,15.75,2
3165.5,418.0,35.9,27.81,1
2347.0,731.4,46.23,55.79,1
700.0,2631.1,70.54,18.27,2
1711.1,3136.3,40.72,23.73,2
497.3,1729.8,76.27,26.17,2
2432.4,715.5,30.4,41.15,1
1193.7,3350.1,63.13,37.99,2
3600.9,273.7,19.9,65.4,0
3704.6,69.0,19.23,57.88,0
3277.4,1082.8,34.49,53.31,1
318.7,1877.0,62.91,20.02,2
397.1,4315.4,69.6,16.77,2
1355.0,2895.8,72.56,27.05,2
24.2,4090.3,42.62,29.41,2
2696.3,301.4,28.05,60.97,0
2645.9,368.5,37.1,24.81,1
709.7,1239.6,54.11,17.8,2
1282.2,609.1,32.67,60.1,1
745.0,1512.8,35.0,40.1,2
1141.7,970.4,34.93,13.88,1
1024.0,563.7,24.0,23.21,1
578.1,2871.2,45.32,13.78,2
876.3,4501.8,35.0,17.26,2
2980.4,272.3,28.19,46.53,0
3407.0,250.6,20.38,44.82,0
2697.2,928.8,43.35,46.88,1
1713.0,4720.8,37.84,32.52,2
3800.0,477.9,24.0,29.89,1
3321.0,199.3,22.45,45.27,0
666.5,2483.3,81.66,24.79,2
1972.2,1275.7,24.0,28.11,1
2299.1,884.4,32.3,42.73,1
307.1,1948.4,58.49,23.58,2
555.0,1494.6,49.24,8.31,2
1150.4,1090.2,90.25,21.02,2
1375.4,2200.6,80.65,17.76,2
2945.1,1191.2,32.29,56.28,1
2899.5,528.8,36.07,20.38,1
871.9,4427.5,68.58,5.99,2
3149.4,867.2,47.33,52.02,1
2915.7,372.4,33.45,58.93,1
3694.3,300.4,29.16,65.83,0
3112.8,1000.3,26.18,48.05,1
798.7,700.0,54.97,18.15,2
863.1,1471.3,69.54,18.66,2
3550.8,183.2,19.02,41.28,0
3438.4,41.6,26.26,55.32,0
4095.0,143.5,28.35,51.35,0
2137.9,409.4,40.25,39.22,1
3101.1,715.1,26.17,28.82,1
3355.9,382.4,20.51,36.98,0
1581.4,374.6,40.96,22.0,1
2830.1,225.1,26.72,34.63,1
684.4,3419.4,64.23,24.72,2
680.2,1590.8,83.08,18.64,2
2738.5,340.2,26.92,70.5,0
2563.6,1127.6,35.35,24.12,1
967.7,4218.3,97.22,30.69,2
1115.0,769.4,69.6,34.53,2
3245.4,140.5,23.16,35.5,0
917.9,1013.6,71.45,25.22,2
1696.0,651.0,35.12,49.71,1
1700.6,513.3,32.87,33.45,1
383.8,1604.4,80.16,6.79,2
835.4,7295.3,70.64,17.18,2
2591.8,85.5,18.82,59.39,0
748.6,700.0,70.92,18.41,2
2401.0,863.7,37.54,57.5,1
2452.9,658.9,40.43,24.09,1
3728.3,125.0,22.68,30.18,0
1352.8,3262.2,60.2,17.49,2
2850.1,373.4,25.75,22.75,1
2236.3,476.5,43.67,53.71,1
963.1,3448.0,71.25,10.87,2
148.1,3073.5,107.35,31.5,2
411.3,2163.6,82.24,6.708683176185749,2
3658.6,234.1,31.25,22.46,1
802.3,774.3,51.49,16.23,2
4095.0,467.6,17.38,54.81,0
3049.9,549.5,40.92,49.45,1
504.0,2352.4,50.26,7.35,2
3426.0,529.7,29.65,54.11,0
411.3,700.0,53.42,12.72,2
3065.5,80.0,18.05,67.59,0
545.3,1916.2,73.38,25.81,2
3382.1,549.0974322329664,28.190524251641193,65.51,0
2863.6,130.9,24.19,55.82,0
407.5,1160.7,78.7,15.62,2
296.3,1282.6,53.24,10.32,2
2271.406795004073,199.0,27.6,63.06,0
3413.0,76.4,18.93,48.98,0
1222.6,2981.1,56.16,7.44,2
3596.7,373.3,17.68,49.25,0
2279.4,498.4,36.35,44.09,1
3452.7,230.5,14.7,28.3,0
0.0,1085.8,73.07,35.8,2
3051.2,303.1,29.32,18.45,1
2826.8,479.2,23.63,79.15,0
3298.2,20.9,27.8,42.67,0
0.0,1084.5,51.97,34.53,2
262.5,1732.8,47.81,16.11,2
59.5,1953.7,67.9,7.69,2
1816.8,1739.3,75.39,11.03,2
3012.2,1795.9,40.1,50.82,1
3114.4,166.3,22.64,57.12,0
246.6,820.5,99.75,25.28,2
1456.5,198.3,37.65,59.67,1
1184.1,2132.0,56.5,28.93,2
2434.2,256.7,27.8,21.51,1
921.2,1230.9,74.72,14.11,2
3982.4,452.3,23.06,74.09,0
1923.7,150.0,44.7,32.46,1
2784.4,557.6,24.0,46.1,1
3041.1,299.5,32.24,42.36,1
323.5,771.8,72.6048788292212,30.62,2
2854.8,214.8,28.67,56.58,0
3995.3,294.3,24.02,68.25,0
1450.7,2968.2,35.0,30.47,2
24.9,3470.1,41.94,6.28,2
1255.6,1225.9,38.5,25.85,2
3592.0,87.3,30.95,32.67,0
2051.4,2519.3,85.7,21.31,2
3899.0,288.8,17.68,34.97,0
1818.6,200.6,37.29,53.79,1
934.5,2689.4,55.98,25.54,2
3748.1,341.6,26.68,78.95,0
2900.8,146.4,28.65,54.4,0
900.0,2200.0,46.71,41.85,1
693.5,828.4,56.78,26.97,2
998.2,700.0,58.9,36.29,2
258.2,700.0,97.12,25.97,2
1111.2,5581.7,41.59,14.59,2
3598.2,1602.0,44.01,8.0,1
2388.6,503.1,40.29,54.98,1
1199.7,3612.4,68.18,12.95,2
1149.6,2552.9,51.29,27.62,2
2553.8,135.1,25.06,46.58,0
3228.7,19.9,19.68,44.81,0
2622.1,359.2,20.86,46.11,0
1069.8,1064.5,79.49,9.09,2
2596.8,13.8,25.54,42.82,0
3614.4,87.0,30.69,54.85,0
171.8,1773.3,65.03,11.85,2
493.4,1696.3,35.0,18.87,2
0.0,900.0,63.62,22.16,2
3295.5,570.5206516750926,28.221591176828518,19.65,0
2387.3,1239.2,40.36,30.15,1
636.5,1440.6,88.62,33.32,2
732.1,3013.5,75.43,34.01,2
1417.1,1774.6,68.46,7.8,2
1692.3,5342.6,60.06,18.8,2
3251.4,859.8,35.95,30.98,1
3222.2,538.0,39.24,29.95,1
1767.0,1639.2,46.72,33.79,1
3800.0,624.1,35.2,20.59,1
1356.2,1964.6,25.18,60.83,1
285.8,2197.1,65.37,14.2,2
2518.5,286.6,23.4,28.34,0
1249.5,1212.4,53.96,23.35,2
279.2,5527.9,51.28,29.61,2
3123.9,382.1,31.15,78.23,0
2356.9,276.3,40.18,37.23,1
3438.4,627.7522066681295,31.52107357668656,53.15,0
3371.5,73.7,30.29,62.96,0
2375.0,1055.8,42.09,39.66,1
2052.6,325.3,32.72,42.68,1
468.1,3120.2,75.77,20.29,2
4058.6,700.0,26.83,54.09,0
3484.2,119.8,33.7,37.62,0
3703.4,419.4,28.28,55.94,1
0.0,1739.8,63.85,13.17,2
72.9,5119.5,37.23,36.7,2
771.4,1482.8,40.42,12.94,2
1554.5,796.6,62.86,17.82,2
2056.4,707.1,36.91,47.03,1
1412.6,1301.7,25.3,63.57,1
295.1,3294.3,68.66,12.43,2
425.4,1453.0,68.82,25.44,2
1685.8,1127.8,76.22,18.32,2
2768.7,242.0,27.4,61.97,1
1966.0,194.0,38.89,25.17,1
2004.5,214.8,33.24,49.62,1
774.3,2086.6,48.63,23.06,2
1417.7,2834.9,92.61,18.44,2
2629.6,1466.8,30.87,45.1,1
3549.6,175.9,13.995188722437872,51.5,0
1196.5,1059.1,87.05,38.9,2
3071.6,337.3,26.37,41.59,0
3620.2,239.3,22.14,55.6,0
3238.7,476.5,13.1,70.12,0
2886.2,208.2,19.97,72.91,0
3938.0,301.6,11.88,52.31,0
1701.5,695.1,36.11,39.7,1
3724.1,354.3,16.5,62.44,0
1553.1,1817.7,83.14,18.73,2
2789.6,9.3,21.09,28.31,0
1139.6,1764.0,65.56,22.58,2
3626.4,379.9,34.51,53.12,1
2747.8,74.5,29.12,53.38,0
613.0,4310.7,47.29,29.59,2
1669.1,615.9,24.0,50.27,1
2306.9,505.6,27.89,37.97,1
1165.0,251.7,34.99,41.47,1
1089.5,181.7,33.88,35.31,1
2370.5,666.8,47.47,34.41,1
805.0,1466.5,43.02,22.44,2
1143.6,1994.7,68.41,14.21,2
2755.8,1167.2,42.06,46.9,1
2194.8,245.8,40.56,54.44,1
2434.4,579.4,41.31,36.67,1
2481.9,246.9,26.38,30.88,0
672.8,3867.8,106.84,49.09,2
3293.3,257.3,24.38,50.29,0
2572.0,451.9,43.53,24.9,1
1367.2,1736.9,39.56,46.9,1
2794.7,227.0,24.0,34.81,1
1973.2,150.0,31.96,21.68,1
1626.4,1340.3,79.49,18.45,2
3387.9,129.5,23.38,54.25,0
537.2,989.6,52.5,34.64,2
3835.6,75.3,19.71,57.92,0
782.9,1373.0,78.31,41.06,2
875.9,782.6,106.35,24.69,2
449.98397951271886,397.8,36.33,25.47,1
4095.0,237.6,21.81,51.76,0
0.0,700.0,82.93,16.69,2
3513.7,44.8,35.33,57.7,0
469.4,737.5,35.0,12.35,2
3381.2,388.3,22.63,56.26,0
1542.2,642.0,29.65,34.58,1
637.8,3307.2,103.85,11.98,2
1011.8,3549.4,52.51,20.43,2
2866.2,236.4,27.88,55.9,0
4095.0,120.1,22.82,75.08,0
3749.1,260.5,23.53,78.29,0
3798.2,643.7,32.57,45.58,1
1853.3,671.2,38.7,27.55,1
3800.0,563.4,40.93,59.92,1
634.5,3537.5,55.29,9.02,2
3342.2,412.9,32.28,76.74,0
2835.3,337.4,33.95,33.12,1
2600.7,422.4,26.52,16.95,1
2524.7,308.9,27.43,40.81,1
2883.9,408.7,31.43,31.38,1
3167.1,57.7,16.28,58.21,0
3350.8,195.8,25.05,77.93,0
3385.4,70.6,24.21,50.97,0
2612.3,1162.9,33.95,47.6,1
1403.5,435.7,32.83,52.5,1
3714.6,406.5,35.92,52.15,1
3419.0,206.7,25.94,58.07,0
2668.8,441.5,45.45,40.88,1
2056.5,874.5,36.46,64.62,1
4064.6,198.4,25.97,71.55,0
1660.1,1342.3,28.19,29.25,1
3281.2,346.5,41.99,15.43,1
2571.9,198.8,33.84,35.06,1
1953.2,1063.5,48.87,32.09,2
3636.3,419.4,32.39,56.4,0
3731.4,84.0,27.08,73.92,0
2988.7,549.4,33.13,55.08,1
1995.9,321.4,31.85,54.04,1
3703.9,337.2,25.92,53.94,0
104.9,3546.6,71.34,39.69,2
155.3,2859.6,71.08,31.55,2
0.0,1280.9,68.36,22.88,2
102.7,3358.1,66.4,34.61,2
2318.4,902.5,35.01,34.58,1
4095.0,233.8,29.51,41.9,0
757.4,3851.9,46.54,17.0,2
4095.0,233.1,23.39,36.83,0
2933.4,78.1,21.13,36.97,0
2740.6,613.4,40.74,23.93,1
918.6,2898.4,47.89,27.95,2
3088.4,178.8,20.88,70.75,0
4095.0,224.3,24.54,64.19,0
1141.6,823.3,59.54,11.01,2
0.0,1717.5,52.44,32.16,2
3611.8,200.3,24.33,37.53,0
3147.6,700.0,23.68,48.68,0
1951.2,467.8,42.97,37.13,1
733.7,700.0,110.04,19.33,2
3867.2,63.3,24.39,38.39,0
1531.7,2269.4,53.83,21.2,2
1345.2,667.9,44.35,23.49,1
702.1,3569.3,57.15,38.83,2
1093.7,1185.9,42.1,26.12,2
1922.7,771.8,24.18,70.92,1
1020.6,3291.8,35.0,11.86,2
2695.8,39.0,25.2,64.41,0
532.4,3025.1,82.46,27.08,2
2169.5,1852.3,35.38,39.75,1
3680.1,934.3,36.76,75.0,1
3605.4,445.4,33.89,45.16,1
3328.0,14.0,26.71,40.41,0
1211.8,1163.7,68.62,27.83,2
0.0,723.7,72.16,19.21,2
525.7,1260.3,80.09,9.35,2
4095.0,140.9,15.48,32.06,0
334.7,2054.9,53.17,13.14,2
214.1,999.7,64.62,33.5,2
1492.8,700.0,84.56,19.85,2
0.0,1723.3,67.7,3.0,2
2320.6,988.9,34.75,43.77,1
2136.1,150.0,31.9,38.63,1
2446.5,802.7,43.23,32.45,1
3512.0,245.5,23.55,50.74,0
1651.9,757.7,68.65,5.83,2
2887.9,221.1,24.28,46.51,0
3410.7,43.8,26.05,57.09,0
4095.0,45.8,28.34,66.68,0
3449.8,480.9601403321972,32.07315460765733,76.23,0
3998.3,333.9,33.49,56.5,0
0.0,2497.5,112.54,15.14,2
3653.6,606.5,27.51,48.83,0
2672.1,330.9,42.07,47.2,1
0.0,5027.2,108.58,19.51,2
804.0,3855.9,68.12,30.68,2
74.7,3473.1,80.1,22.03,2
2561.4,692.3,38.08,24.79,1
2698.7,3.3,31.3,48.15,0
900.0,240.8,24.0,37.43,1
792.8,1482.4,54.44,15.1,2
3784.6123217917725,2958.0,38.7,14.45,2
4095.0,144.9,27.9,62.06054569149241,0
2495.8,572.8,30.63,40.88,1
2711.3,706.0,25.3,31.59,1
3631.1,320.0,23.52,58.91,0
4095.0,300.4,22.0,63.08,0
4095.0,111.7,21.95,53.12,0
3924.8,242.7,16.13470009355568,92.59,0
2530.3,600.4,34.33,35.35,1
2788.8,1338.7,41.19,9.14,1
3671.8,497.2,24.72,63.79,0
685.5,1926.4,35.0,15.21,2
3731.1,260.6,22.41,61.83,0
3380.7,521.5,22.93,50.73,0
2867.4,271.4,23.44,46.71,0
3379.9,437.7,17.2,60.38,0
2049.4,150.0,24.0,28.54,1
1490.7,1484.0,68.62,38.6,2
3449.0,104.5,21.1,59.35,0
799.3,700.0,68.75,5.57,2
4006.5,298.1,20.64,45.24,0
3511.9,189.3,22.45,70.21,0
343.4,2902.8,35.0,30.06,2
3435.0,162.8,18.92,41.09,0
3630.0,106.9,23.99,43.38,0
1016.2,2950.1,63.72,24.73,2
2994.9,889.0205412330386,30.3283819610539,53.21,0
3252.3,194.4,27.49,53.37,0
2717.4,292.1,28.59,16.64,1
2625.6,414.6,45.14,60.4,1
2501.6,518.5,24.0,68.85,1
792.6,2137.9,53.35,27.77,2
2700.3,1306.2,30.22,23.61,1
2539.3,435.3,42.92,50.8,1
3395.4,117.6,26.86,73.56,0
2294.4,49.4,25.25253182925411,46.12,0
2510.0,312.0,29.49,38.85,1
3466.8,622.5,21.44,46.49,0
720.7,3059.7,85.53,39.79,2
1512.3,3099.5,73.95,20.42,2
3754.2,141.5,15.88,52.9,0
2359.0,365.5,32.02,50.99,1
3465.4,187.0,13.74,55.52,0
3947.1,2.8,22.89,54.76,0
1045.8,4162.9,63.02,19.87,2
3215.6,551.7,39.01,55.45,1
900.0,426.7,44.58,50.45,1
0.0,1132.9,41.6,14.31,2
727.3,2150.4,60.19,20.7,2
3366.2,616.4,36.16,35.76,1
775.2,1711.9,51.03,10.26,2
2485.7,150.0,27.0,42.64,1
3587.8,327.2,25.0,56.31,0
3056.5,722.5,27.55,25.61,1
3356.0,937.2,29.55,38.18,1
1473.9,700.0,35.0,14.71,2
1734.1,1850.5,24.0,51.88,1
2991.1,830.5,25.75,23.83,1
3148.3,341.5,17.37,26.94,0
522.6,899.8,64.93,19.9,2
324.0,4076.7,61.02,21.48,2
2443.4,53.2,30.4,43.81,0
95.4,1372.2,60.49,21.54,2
3944.4,225.9,25.64,35.09091931986717,0
2712.8,581.7,30.87,13.14,1
3071.4,1288.5,43.48,55.3,1
146.5,1613.7,46.94,14.0,2
1444.2,388.0,42.22,30.69,1
4095.0,821.2990118208185,30.282239319384512,42.69,0
496.1,700.0,60.59,18.52,2
1162.2,1254.4,87.07,20.83,2
3118.0,158.8,21.39,57.1,0
463.9,2003.3,40.42,5.9,2
2110.3,184.4,33.53,58.1,1
1975.1,572.1,34.37,42.93,1
548.6,1221.5,42.38,32.37,2
1096.4,1919.9,109.0,3.0,2
2577.9,382.4,35.7,39.45,1
2947.8,70.5,18.74,46.35,0
2153.2,235.1,40.35,50.83,1
4018.0,139.6,24.1,50.66,0
477.7,5375.5,60.62,9.0,2
3217.3,110.9,24.56,61.66,0
814.2,2995.3,85.17,17.12,2
3002.0,60.3,20.41,53.35,0
2003.5,1289.8,31.08,65.63,1
3986.7,316.2,28.47,60.63,0
744.9,2167.8,53.78,18.6,2
0.0,1759.5,74.44,16.33,2
1877.2,974.7,36.12,42.86,1
3241.8,343.3,24.92,60.69,0
2313.7,47.5,20.91,70.12,0
3958.6,15.4,19.44,59.44,0
1749.8,3398.5,71.0,3.74,2
1453.0,1726.5,82.85,32.08,2
1307.7,2027.8,56.67,22.62,2
3423.5,275.4,26.35,70.58,0
2138.7,150.0,42.32,51.91,1
67.9,3184.5,85.06,10.15,2
3873.8,95.8,23.3,46.42,0
2804.3,103.0,14.44,54.53,0
2079.5,782.6,28.44,27.62,1
3414.4,66.3,22.38,45.46,0
3828.8,72.3,31.05,72.29,0
108.8,1311.6,52.51,23.53,2
2925.3,146.4,21.9,64.32,0
2241.6,807.6,44.49,43.36,1
0.0,2308.1,54.8,16.0,2
2585.7,374.9,44.64,22.37,1
3949.4,131.3,28.96,46.36,0
3126.6,536.6,27.52,58.98,0
3616.0,859.7626460865145,29.97203916517265,53.21,0
2242.8,801.3,39.01,47.09,1
4038.8,244.4,26.83,76.51,0
2936.0,693.4,37.89,31.32,1
1867.3,290.6,40.35,35.43,1
3056.8,1103.0,40.17,42.03,1
2262.2,285.8,35.4,43.74,1
3257.0,517.2,14.95,67.13,0
2604.7,422.7,30.52,59.76,1
2696.7,461.9895744239917,29.170849599987513,36.05,0
2215.2,1443.5,41.37,43.79,1
472.1,2311.0,52.81,28.99,2
3344.4,131.1,30.18,51.43,0
737.5,827.9,65.06,26.02,2
1579.8,4292.1,56.03,23.4,2
2542.9,794.5,46.44,47.05,1
3217.1,887.2,32.85,45.35,1
1224.0,1345.9,60.55,19.28,2
3111.6,152.6,27.46,61.65,0
530.1,1767.3,68.36,21.99,2
3657.2,189.6,22.58,51.61,0
564.0,1454.4,36.91,12.3,2
0.0,1128.3,99.27,29.73,2
555.0,1777.5,54.13,20.1,2
832.7,700.0,35.0,5.85,2
3656.9,162.1,18.17,52.14,0
3123.2,506.9,25.21,52.73,0
2691.4,350.0,30.96,21.31,1
2617.2,584.3,25.56,23.57,1
2769.6,99.3,17.24,72.18,0
1037.2,1930.7,95.39,12.64,2
2873.3,26.1,25.16,60.49,0
1504.4,2034.7,64.95,51.03,2
3823.7,538.4,24.35,47.64,0
2899.6,213.2,35.5,40.76,1
3951.7,379.1,21.6,59.89,0
3983.9,261.4,26.68,63.51,0
3767.4,168.7,16.36,36.58,0
2687.3,150.0,24.0,49.85,1
2251.9,286.7,29.13,18.16,1
555.9,2611.8,35.0,32.48,2
2940.3,55.3,24.83,40.25,0
2893.9,256.0,20.93,64.73,0
3741.0,700.0,17.13,64.38,0
285.7,3538.4,57.02,15.89,2
3743.0,159.4,33.28,66.24,0
2015.8,700.0,66.78,19.13,2
3602.0,257.1,24.41,52.02,0
1809.9,651.8,38.98,52.4,1
869.0,3611.1,72.15,11.53,2
1640.7,715.0,30.37,54.04,1
2912.7,69.2,22.31,79.82,0
3656.6,90.6,25.45,62.5,0
2249.7,346.8,24.0,50.49,1
2012.2,728.9,33.39,58.0,1
650.0,2508.1,62.64,30.24,2
3374.3,543.0,25.51,56.62,0
267.2,1989.3,95.01,6.36,2
2108.2,345.0,43.88,40.98,1
3330.9,163.6,27.81,46.64,0
702.2,864.1,101.53,22.04,2
3149.0,250.4,18.47,45.19,0
1139.1,700.0,45.97,17.09,2
1640.4,399.9,33.51,21.13,1
3161.2,433.9697769410212,30.2151061536144,51.68,0
0.0,1912.3,63.69,16.29,2
2985.807545481304,503.2,24.0,39.03,1
2869.3,370.8,27.06,38.41,1
2592.4,700.0,22.29,66.71,0
1801.8,9000.0,46.14,13.56,2
3725.7,236.6,16.52,38.57,0
3362.8,250.7,26.19,37.78,0
2157.3,621.7,37.05,32.01,1
1008.2,700.0,95.8,39.72,2
2426.2,492.7,39.27,37.37,1
0.0,2945.0,58.93,13.82,2
3658.0,269.6,24.81,47.77,0
3606.4,249.4,23.98,62.89,0
2530.0,194.9,35.98,40.79,1
955.7,5470.6,81.26,33.39,2
1748.3,752.4,44.83,53.03,1
3405.1,146.5,24.4,45.26,0
3108.8,958.0,32.58,50.98,1
1783.9,2009.5,53.52,20.72,2
65.0,2734.4,72.78,49.64,2
3003.1,186.0,39.13,41.05,1
3989.7,240.7,16.38,47.56,0
4095.0,41.4,17.2,37.83,0
953.1,700.0,58.96,16.37,2
192.5,880.8,55.19,30.28,2
0.0,700.0,79.74,21.94,2
2565.3,63.9,21.74,57.64,0
2599.0,120.5,25.5,55.2,0
4095.0,196.6,26.23,32.75,0
2730.6,940.6,44.82,33.73,1
2283.2,1671.6,40.34,24.08,1
942.6,199.8,33.97,28.63,1
2292.3,217.8,30.78,31.2,1
2586.2,396.5,30.816976725154383,65.24,0
2787.8,628.3,30.59,32.66,1
2447.2,150.0,33.84,32.47,1
2859.5,620.3,28.49,55.32,0
1204.6,1173.0,93.41,27.33,2
1615.2,636.1,42.9,63.74,1
3087.2,272.7,19.55,26.07,0
3435.8,273.6,29.14,66.89,0
3775.7,233.3,25.26,40.59,0
1827.0,961.3,45.04,62.99,1
1652.3,218.8,34.22,48.34,1
353.0,2245.1,66.82,19.85,2
4095.0,121.0,27.23,47.68,0
2196.3,2101.0,29.0,27.68,1
974.9,3009.1,52.19,12.35,2
3847.5,194.9,28.65,46.48,0
3503.8,91.1,21.48,49.8,0
3535.8,123.5,31.32,31.14,0
658.8,3644.8,62.33,26.39,2
3064.7,67.6,29.46,31.02,0
2914.2,146.8,29.74,52.12,0
2667.9,316.8,43.04,13.25,1
3520.1815595847,371.9,47.71,43.66,1
2300.6,164.1,28.17,62.12,0
1256.4,1551.4,43.68,38.27,1
585.6,1845.0,49.06,41.18,2
318.5,1025.7,74.61,18.11,2
1249.4,866.0,61.22,21.12,2
606.9,2649.8,67.7,3.0,2
3289.5,215.1,23.43,47.94,0
768.8,2963.5,59.45,23.85,2
1410.1,727.3,42.46,42.72,1
659.0,759.3,67.55,35.21,2
1933.0,802.1,38.61,33.19,1
479.9,700.0,63.68,21.76,2
3371.9,301.0,47.45,50.53,1
1992.6,863.3,34.56,38.31,1
2530.7,721.1,26.32,41.89,1
1384.5,1830.4,35.11,34.33,2
3858.2,107.6,21.19,46.39753932788068,0
1472.4,2024.8,84.01,27.22,2
2681.1,191.3,28.38,42.95,1
3692.0,308.7,28.31,48.42,0
1092.5,3226.5,82.96,12.63,2
1891.8,4391.6,54.67,15.12,2
3777.7,364.4,22.04,46.05,0
363.5,1507.0,55.12,25.93,2
4095.0,287.5,25.94,88.5,0
1662.2,657.7,28.08,8.0,1
1564.7,243.4,41.23,40.4,1
2971.7,610.8,32.47,23.06,1
2535.3,361.8,36.92,47.35,1
2416.7,381.7,28.88,33.88,1
671.2,1963.5,70.61,3.0,2
2720.1,579.5122623644172,31.73600826304472,56.81,0
3099.7,85.7,23.95,28.12,0
3699.8,1456.3,29.49,38.39,1
1343.2,874.7,24.0,43.99,1
4095.0,173.0,21.18,34.02,0
3100.4,353.3,25.01,43.39,1
4095.0,233.9,31.96,48.48,0
3279.8,205.2,22.11,39.55,0
2376.2,773.5,37.8,49.61,1
1110.1,2156.5,38.94,38.62,2
3287.1,101.3,23.57,50.63,0
4009.873142207555,227.5,32.76,41.69,1
4095.0,300.4,25.49,51.66,0
3493.3,174.3,29.67,69.24,0
4095.0,303.9,23.66,87.16,0
3412.5625643155786,30.4,30.77,54.69,0
846.5,3350.2,57.03,12.82,2
3099.9,140.2,17.39,58.89,0
2269.7,437.0,44.78,38.48,1
2788.0,826.0975817381045,33.59153968822405,76.8,0
1924.5,1147.6,24.24,68.31,1
4095.0,112.0,21.98,77.49,0
3541.3,119.8,25.41,68.86,0
1159.4,803.7,29.27,24.05,1
3015.0,240.0,16.06,59.02,0
3800.0,481.6,35.21,12.86,1
3290.4,293.9,30.92,55.14,1
3717.6,421.2,26.39,31.77,0
666.5,829.7,74.16,33.05,2
2401.6,340.3,43.76,39.15,1
1368.5,1203.9,79.75863362869295,13.69,2
1715.7204614941934,189.3,21.61,56.76,0
593.4,743.0,46.06,18.64,2
3656.5,55.6,21.44,56.29,0
3578.5,144.5,27.38,39.68,0
3550.9,87.6,22.85,48.53,0
1367.0,166.3,24.56,33.93,1
3815.2,526.4,20.5,46.22,0
3502.9,150.0,37.62,38.9,1
2209.2,436.3,31.91,40.13,1
1654.3,629.1,54.12,53.24,1
3193.3,849.3,24.0,52.63,1
932.8,729.6,89.96,33.22,2
3325.1,285.0,34.15,41.19,1
3800.0,150.0,51.14,53.42,1
1098.6,268.6,31.05,51.17,1
1338.1,4092.2,57.06,9.8,2
653.3,2902.8,75.41,31.19,2
3156.2,112.3,17.67,51.62,0
1298.8,311.1,32.17,50.21,1
1561.9,201.5,38.95,59.04,1
1562.5,700.0,77.15,4.58,2
175.1,1816.9,77.21,17.93,2
3566.0,779.460580665032,28.881902043678824,49.21,0
3110.2,231.1,24.0,22.95,1
1115.5,756.9,59.05,30.05,2
3604.9,193.2,25.12,52.79,0
2385.4,266.3,36.57,51.52,1
2012.6,699.2,25.4,31.6,1
1383.3,1218.1,34.7,47.37,1
234.0,3592.3,49.57,23.81,2
2734.4,190.2,26.29,47.57,0
1054.2,700.0,81.39,17.74,2
1051.4,3300.8,76.67,13.82,2
3411.2,196.5,31.66,51.62,1
87.4,700.0,70.25,41.24,2
1939.3,181.9,18.49,59.59,0
0.0,4793.9,51.02,13.15,2
3039.0,942.0,34.05,41.68,1
2348.7,591.7,33.15,27.36,1
3244.9,66.4,19.05,48.31,0
1131.5,2379.6,35.0,17.02,2
2768.2,861.1,35.77,42.18,1
243.4,2049.2,77.98,19.61,2
3926.6,186.0,23.75,57.79,0
2139.8,590.6,25.13,44.02,1
3339.8,177.7,23.4,54.6,0
2828.1,852.4,33.95,30.44,1
3504.4,784.0897829461506,33.29293959783105,39.65,0
4095.0,163.9,30.65,58.97,0
1107.7,550.8,34.88,44.07,1
1715.2,4715.1,84.98,29.45,2
3176.9,258.8,30.58,51.28,0
3376.1,279.8,24.24,62.1,0
708.4,700.0,45.93,17.15,2
4095.0,76.0,30.54,54.63,0
3389.3,194.3,28.24,66.72,0
788.1,738.0,61.41,12.48,2
1172.2,956.2,53.18,32.67,2
2104.5,313.1,22.08,52.62,0
61.8,3521.7,39.02,8.49,2
3838.7,161.0,19.64,39.01,0
2574.5,162.0,35.33,50.09,1
3412.1,275.8,24.4,49.51,0
3594.3,225.5,21.16,63.28,0
2973.3,607.7,38.37,55.8,1
3739.0,83.1,23.76,18.31,0
3347.0,163.9,22.56,65.24,0
412.0,2703.7,75.19,14.24,2
2974.7,2045.6401578749312,32.99,39.5,1
2380.5,428.8,34.67,64.11,1
3933.3,79.0,19.94,59.16,0
753.6,3614.9,55.31,22.59,2
932.2,3316.1,67.96,3.0,2
3723.8,24.5,27.3,43.22,0
2962.2,1028.3,29.75,27.33,1
3134.5,26.5,25.89,44.88,0
995.1,1509.2,27.64,59.97,1
1879.6,289.3,46.25,55.35,1
2499.5,160.3,18.79,58.0,0
3709.6,121.5,19.65,52.83,0
3650.4,121.1,18.86,43.95,0
823.5,4775.5,47.51,31.22,2
3693.5,1220.1,39.14,35.35,1
3409.2,67.9,28.73,53.46,0
3705.8,242.2,21.69,49.52,0
3240.5,306.6,29.74,37.94,0
2787.8445790633014,1416.6,34.17,41.62,1
3210.1,382.5,31.88,28.04,1
2001.6,394.6,35.06,52.96,1
2889.4,189.0,24.88,50.98,0
1216.6,700.0,48.22,21.18,2
3177.2,84.9,22.63,62.79,0
1864.6,3621.2,58.08,16.35,2
2410.6,572.2,32.2,57.42,1
3023.3,310.3,22.88,52.78,0
3675.1,1208.5,40.17,20.32,1
3740.9,199.6,21.36,45.5,0
2854.5,198.3,14.89,74.14,0
3168.3,289.2,29.27,40.13,0
1545.9,391.0,24.0,31.88,1
2974.7,260.3,28.71,55.93,0
3511.1,17.4,29.441391795885426,61.23,0
52.5,1144.5,41.48,44.29,2
1034.5,700.0,76.67,6.1,2
2360.9,150.0,40.1,36.28,1
135.7,2593.7,35.0,5.48,2
150.7,700.0,65.16,25.74,2
2616.2,590.3,29.34,44.07,1
3754.5,225.6,22.21,51.312203009889295,0
0.0,4020.3,64.19,22.59,2
2460.1,261.9,25.29,53.19,1
2621.7,490.4,21.69,51.62,0
2380.4,174.7,27.05,60.65,0
217.8,1359.6,101.28,29.87,2
3790.9,420.8,20.86,59.45,0
2385.3,549.2,38.52,55.82,1
1000.6,5582.8,74.52,28.44,2
4095.0,67.6,28.47,45.7,0
900.0,774.7,31.95,20.3,1
1656.9,1335.8,32.96,8.0,1
2647.2,903.8,37.18,23.46,1
3165.9,587.6,42.45,43.93,1
1223.2,1278.8,53.34,53.32,2
732.8,700.0,47.74,11.97,2
875.2,1773.8,51.62,9.32,2
0.0,2648.4,35.0,15.4,2
895.0,1266.1,58.61,26.77,2
2450.7,463.2,31.17,20.57,1
3669.4,107.6,20.47,76.4,0
4095.0,185.3,24.85,51.51,0
2723.2,578.7,30.11,32.04,1
2682.1,121.8,20.86,50.2,0
2799.9,457.8,22.21,71.91,0
13.4,1343.4,46.07,4.45,2
335.8,5666.6,57.74,17.68,2
2265.1,1501.8,29.56,26.48,1
0.0,2183.6,71.4,20.45,2
3498.3,140.7,26.47,55.68,0
3800.0,903.3,48.68,43.85,1
321.6,1780.7,70.36,21.21,2
2498.4,249.0,22.03,68.92,0
764.9,1509.2,38.66,3.0,2
2795.6,632.9,39.2,16.1,1
3001.6,194.6,29.26,56.29,0
1228.0,1003.8,29.2,24.18,1
4095.0,119.0,25.73,66.32676678874317,0
3291.2,83.3,22.38,46.5,0
2377.8,189.0,35.41,19.72,1
3611.0,61.0,28.28,48.1,0
297.0,1948.3,61.99,29.06,2
993.8,2008.6,35.0,42.51,2
2591.8,566.2,41.99,26.79,1
3936.8,171.7,23.76,49.89,0
3467.7,741.5,36.2,49.76,1
2069.8,620.2,34.56,55.77,1
2735.9,420.9,26.98,69.94,0
995.9,1375.9,74.35,23.7,2
683.5,1840.9,56.07,16.16,2
1350.8,266.1,43.74,37.37,1
639.8,1070.0,92.87,19.84,2
1471.6,742.5,27.18,43.92,1
3800.0,384.5,37.85,49.42,1
3859.2,260.3,22.06,76.03,0
4095.0,137.0,28.37,95.0,0
809.5,1394.2,84.78,4.95,2
4095.0,2961.654494499924,29.59,62.78,0
920.2,1777.8,61.78,13.61,2
2693.4,1571.3,32.73,18.58,1
3620.0,230.6,25.85,56.68,0
2018.5,933.8,33.1,37.61,1
387.6,1210.9,57.58,34.26,2
1806.4,4989.938188445107,74.14,27.59,2
4095.0,259.5,27.97,71.81,0
3691.0,291.1,26.9,57.08,0
2975.7,672.8,35.94,26.47,1
726.1,1311.2,64.75,12.14,2
3427.9,83.2,25.43,47.84,0
0.0,1211.1,75.80344085856409,11.93,2
2248.2,150.0,33.56,44.86,1
2950.8,137.8,24.61,18.38,0
808.3,1579.9,62.54,32.38,2
1190.4,1762.5,102.49,37.91,2
2747.3,396.5,39.94,35.44,1
2602.8,183.9,19.91,47.0,0
2564.6,322.8,38.51,23.15,1
3169.7,58.9,22.13,42.98,0
61.8,1883.1,35.0,27.84,2
1115.5,2144.4,37.71,33.42,2
3320.5,1252.0,31.62,43.71,1
2417.3,474.6,29.42,29.45,1
765.5,1695.9,70.03,14.99,2
1592.1,150.0,39.3,37.03,1
2048.4,127.0,19.56,52.73,0
351.7,3506.6,37.21,9.92,2
886.0,803.6201066855763,42.84,34.45,2
4.6,2346.7,43.6,5.54,2
3606.5,292.3,31.24,44.0,0
3779.5,152.5,20.44,44.45,0
3695.9,468.4,34.35,42.39,1
3401.5,227.5,26.76,39.95,0
750.9,2699.0,35.0,8.42,2
2675.8,262.7,38.27,32.8,1
2672.1,518.2,39.26,43.94,1
3714.2,13.6,18.64,72.4,0
2684.5,1487.5,28.88,51.4,1
0.0,7777.8,59.28,23.5,2
1066.8,1018.9,42.15,28.36,1
586.1,2065.9,58.42,32.53,2
3695.0,1770.2,28.61,46.9,1
0.0,1261.0,58.08,19.48,2
2401.0,439.2,34.66,17.73,1
4044.9,114.2,20.85,52.04,0
2992.1,283.7,31.65,60.88,0
544.8,1986.3,46.06,13.9,2
1553.9,2992.7,85.38,16.03,2
2917.5,710.1,31.26,33.77,1
2200.0,1799.3,51.79,4.23,2
0.0,1530.0,76.65,23.27,2
575.3,859.6,95.26,34.1,2
3521.9,700.0,20.14,55.18,0
3160.4,74.7,20.97,48.08,0
3210.4,227.8,19.0,51.65,0
1562.2,1117.3,66.4,11.96,2
1855.3,774.6,45.27,45.77,1
3213.9,412.6,21.22,53.3,0
3516.1,68.2,26.71,83.84,0
2922.2,103.9,20.95,52.76,0
1651.4,700.0,56.16,26.51,2
2282.5,715.7,44.21,29.05,1
3437.7,402.3,24.58,66.54,0
2938.4,246.3,30.91,56.64,0
2671.2,77.5,27.94,55.12,0
529.6,797.4,78.61,34.92,2
2208.6,716.8,38.09,37.54,1
1495.9,982.4,70.1,28.39,2
541.0,3177.0,51.85,2.140459425743259,2
4095.0,297.9,28.04,61.15,0
814.9,1054.1,35.0,27.46,2
900.0,793.8,43.04,51.08,1
3636.6,808.8243007927945,32.277066902900714,67.1,0
3994.7,133.5,25.79,26.87,0
2824.8,270.1,28.16,49.3,1
60.3,3722.0,85.73,24.52,2
3661.0,232.6,25.46,59.53,0
0.0,943.9,62.12,42.5,2
2270.2,244.4,24.0,33.41,1
1726.8,384.5,38.68,45.82,1
2681.6,501.3,34.12,26.33,1
4050.9,115.7,28.49,55.9,0
1409.8,2018.3,81.04,19.16,2
1357.4,2546.2,48.81,16.55,2
2923.8,1131.3,38.45,47.57,1
0.0,1758.5,66.72,18.04,2
3209.8,469.2,36.15,41.16,1
2824.7,628.9,32.67,48.5,1
581.0,1164.1,72.76,24.89,2
3333.7,213.5,20.09,60.57,0
1954.7,172.4,24.0,40.25,1
3134.9,176.0,23.62,43.42,0
4095.0,244.3,19.1,33.74,0
1793.1,2014.5,73.12,40.09,2
155.4,3367.8,78.19,6.55,2
1690.5,1618.3,28.62,66.85,1
1257.0,1946.7,65.75,7.01,2
0.0,700.0,56.78,30.37,2
3859.6,219.6,21.22,47.42,0
660.5,2046.3,59.09,19.91,2
659.1,2402.6,51.64,30.12,2
3769.2,212.8,14.45,58.83,0
2583.3,198.8,24.0,38.11,1
2479.7,970.6,38.13,52.69,1
1480.1,4617.986371689507,24.0,54.49,1
2090.1,190.7,23.7,66.73,0
107.4,2276.6,47.4,14.5,2
579.5,1941.1,79.58,35.64,2
2359.5,590.6,34.99,40.08278920130189,1
2385.1,448.0,24.0,47.15,1
2805.9,874.9,25.63,26.43,1
3383.7,136.9,19.71,66.22,0
2143.8,1209.7,41.12,40.23,1
2165.7,150.0,26.69,35.79,1
3896.0,209.5,27.19,51.1,0
3059.7,897.7,31.16,57.63,1
3668.3,713.6014740148601,35.6891343047834,60.49,0
2387.4,266.5,28.91,61.75,0
1572.4,1834.5,79.22,28.43,2
3269.3,490.0,39.84,10.92,1
114.5,6044.9,46.49,39.11,2
2126.3,414.2,33.71,38.69,1
2111.0,389.3,27.82,38.85,1
2738.4,566.4,25.62,43.9,1
2347.0,698.2,49.82,29.08,1
3213.0,630.3,43.34,34.8,1
254.7,4290.7,64.11,23.49,2
1910.6,388.0,34.97,49.71,1
3688.0,292.9,34.36,48.11,1
2016.8,377.3,28.31,8.0,1
311.2,2491.4,68.87,26.82,2
4095.0,264.0,22.87,57.21,0
1009.5,700.0,42.46,28.88,2
1214.4,700.0,50.63,25.85,2
3245.4,141.9,19.69,27.83,0
1024.7,1967.2,43.37,19.73,2
3583.7,280.1,22.44,63.09,0
1240.3,2262.3,58.2,27.53,2
2831.9,599.9,44.34,29.47,1
1256.2,898.9,63.84,3.0,2
890.4,3225.9,50.87,28.61,2
603.7,1046.8,109.27,30.21,2
2271.6,1193.4,33.38,30.48,1
2410.4,203.1,29.26,38.04,0
2946.2,110.2,29.16,43.56,0
472.0,1245.7,60.37,21.46,2
3942.9,82.9,25.21,61.19,0
3352.4,235.8,23.04,65.26,0
1885.9,646.9,35.44,46.15,1
1566.6,290.3,30.31,47.2,1
554.5,1251.0,64.03,32.65,2
1665.5,509.3,34.08,37.8,1
900.0,364.8,39.02,45.5,1
3710.9,115.8,29.43,76.59,0
277.0,2159.5,51.3,18.84,2
3350.4,263.3,22.54,71.37,0
4095.0,174.8,22.62,72.92,0
1621.8,1631.3,82.71,35.9,2
3881.7,90.8,25.77,55.49,0
0.0,1624.9,71.23,9.61,2
3294.1,716.3,46.09197183839086,21.62,1
2494.8,394.6,49.68,51.09,1
1538.6,729.0,75.65,4.73,2
3808.9,352.5,19.87,37.64,0
0.0,1476.9,62.83,19.0,2
0.0,1606.8,56.54,23.84,2
299.5,2846.7,71.32,23.34,2
2117.4,352.4,24.0,47.06,1
2266.0,317.3,34.6,57.95,1
3795.8,191.7,32.83,58.84,0
2018.8,196.2,41.7,43.66,1
1195.1,1522.0,62.67,32.91,2
1084.4,4975.0,83.89,18.16,2
2897.9,525.7,25.54,49.48,0
2349.4,1365.5,24.0,32.46,1
2962.0,1716.2,24.95,29.75,1
892.5,1894.7,72.4,3.08,2
3915.5,82.8,21.05,63.14,0
685.2,4505.9,83.7,38.32,2
2608.9,539.3,24.27,40.48,1
3233.1,47.3,21.82,45.69,0
3213.6,278.2,31.99,44.29,0
443.4,2646.1,75.89,16.58,2
1462.3,666.9,31.82,24.84,1
2637.2,89.1,12.59,51.7,0
2690.7,1282.9922369834644,42.12,30.67,1
1930.6,552.8,35.34,42.37,1
820.8,2681.1,36.24,21.43,2
2148.6,1266.3,28.41,27.05,1
3086.5,212.5,21.44,59.06,0
814.7,700.0,100.2,42.56,2
2892.8,1294.5,27.65,45.92,1
2424.0,152.6,24.65,74.91,0
1309.0,1603.7,62.04,25.82,2
1444.5,700.0,86.62,34.82,2
755.9,2491.1,67.91,15.69,2
3059.5,277.8,39.49,54.66,1
2607.0,150.0,39.48,36.69,1
2786.4,164.6,46.7,18.03,1
2645.2,548.3,46.33,45.97,1
2725.9,212.6,26.03,78.83,0
3576.0,99.4,15.86,52.65,0
1042.5,3464.1,59.18,19.54,2
2632.2,150.0,39.61,29.99,1
3413.4,48.4,30.06,50.37,0
2317.7,384.2,36.56,32.51,1
4057.5,348.7,31.93,66.48,0
330.7,735.2,88.6824548412461,32.51,2
959.7,956.4,35.0,18.19,2
2932.3,255.6,24.36,52.69,0
3521.8,295.6,19.34,48.2,0
2201.5,150.0,28.17,31.81,1
400.9,1265.4,45.22,9.98,2
3755.5,99.7,22.62,30.69,0
1947.5,773.2,36.24,53.86,1
3061.8,326.9,23.97,29.37,0
445.298917544723,4784.4,63.82,27.76,2
2679.7,161.7,33.17,66.95,1
2315.8,493.4,24.28,34.77,1
582.8,3166.6,67.03,41.43,2
18.6,4300.1,56.65,18.65,2
598.6,3476.5,55.07,16.84,2
2777.7,357.3,36.43,30.15,1
845.9,801.2,76.62,30.44,2
3800.2,196.9,22.64,35.84,0
561.3,3666.0,79.29,21.95,2
208.1,1221.0,55.37,30.65,2
1153.9,2551.9,62.14,31.76,2
627.0,3693.6,63.75,6.59,2
1436.1,2399.5,67.77,13.19,2
1805.5,298.0,24.0,55.77,1
1060.3,700.0,92.74,16.61,2
183.5,2366.5,68.74,18.36,2
1312.5,1599.1,58.84,12.2,2
3475.2,444.2,17.46,52.15,0
0.0,3387.7,82.6,33.28,2
589.3,2064.9,96.41,29.96,2
2969.8,725.5365871131412,35.891042769920475,59.01,0
0.0,2864.5,46.36,34.8,2
720.4,1821.6,87.25,22.8,2
1606.4,306.6,38.17,43.82,1
3680.4,72.6,26.69,58.64,0
3293.3,273.4,23.03,54.68,0
3606.9,238.2,40.39,39.52,1
1664.3,900.3,40.47,51.1,1
1917.3,3190.1,35.0,14.0,2
2200.0,2155.0,55.98,30.92,2
3900.3,514.2,19.56,57.58,0
0.0,2356.9,55.97,6.89,2
2349.1,770.8,25.99,32.8,1
2153.0,172.7,37.62,28.74,1
3420.3,199.5,20.54,45.65,0
3614.2,276.2,24.01,39.66,0
2008.5,1180.2,34.11,46.76,1
1966.6,167.0,38.39,39.52,1
1724.4,558.8,37.53,45.7,1
3319.9,249.2,17.18,47.02,0
2628.1,620.2,33.37,69.0,1
2628.7,150.0,31.08,27.18,1
2263.6,371.3,33.99,58.19,1
3396.8,757.2,38.13,44.8,1
771.0,1986.2,67.19,3.0,2
2997.6,765.9,43.22,55.5,1
4077.8,531.5,25.49,62.61,0
1483.3,316.0,36.94,34.2,1
1184.3,1809.6,90.84,21.08,2
2904.7,25.5,23.16,64.15,0
2220.6,363.3,41.8,42.14,1
2979.9,230.8,41.22,43.84,1
859.8,2141.9,37.99,47.67,2
2701.0,890.5,40.63,67.25,1
1510.0,508.8,24.0,40.19,1
3138.6,92.0,35.44,63.44,0
2866.2,340.4,26.53,51.33,0
3398.2,130.8,17.51,48.95,0
2555.0,257.3,37.85,67.12,1
836.9,4439.9,54.15,38.16,2
2560.4,189.9,33.06,40.61,1
980.5,1637.0,60.87,19.19,2
2053.9,455.2,37.11,40.77,1
3345.6,208.8,26.56,55.72,0
2784.6,495.8,29.42,22.79,1
3516.0,846.3446325366192,35.644746579635836,44.62,0
3915.9,154.7,17.27,34.54,0
527.0723921543904,5222.5,54.33,18.09,2
2859.4,505.0,29.73,45.09,1
1575.7,2397.0,64.4,25.36,2
27.0,700.0,101.8,21.2,2
3118.6,418.2,24.21,45.54,1
217.0,2698.1,105.28,23.85,2
1308.1,472.7,27.85,50.59,1
3093.8,121.3,20.22,49.62,0
2761.6,56.6,26.07,65.59,0
917.9,1457.4,69.17,22.02,2
3419.6,264.6,29.29,53.6,1
3203.9,36.7,26.57,48.43,0
1218.5,3024.9,57.43,38.39,2
2157.0,177.7,34.56,34.53,1
2526.2,707.4,41.33,32.94,1
2459.6,823.1,30.43,37.87,1
70.3,957.8,67.95,16.73,2
695.2,1184.3,106.69,12.69,2
1351.3,347.0,28.47,69.79,1
1395.9,2822.1,64.73,15.9,2
3350.5,681.1,35.41,55.68,1
2956.3,539.3,33.55,37.13,1
2568.8,449.9,27.31,49.57,0
1296.9,1668.8,82.61,29.27,2
3275.0,251.7,24.11,49.74,0
1797.5,150.0,30.76,31.73,1
2870.6,676.9,28.58,36.99,1
1804.6,829.4,31.99,49.9,1
3279.4,827.6751070617461,29.901634390843668,56.32,0
1676.1,163.2,30.98,40.55,1
3952.8,130.5,22.31,52.07,0
2571.6,654.4,38.4,45.77,1
3046.1,824.9,33.95,40.66,1
3433.8,288.1,28.74,43.19,0
3466.5,419.2,19.64,69.11,0
4013.8,518.3189360981864,35.96631013955293,42.29,0
3555.6,419.1,20.52,29.95,0
1859.7,496.3,31.54,30.84,1
3461.1,277.0,21.12,34.71,0
2712.6,970.6,29.14,55.32,1
643.9,1824.2,59.33,18.94,2
3696.8,212.2,23.07,68.03,0
3071.9,297.1,32.11,49.88,1
102.1,3753.9,61.06,20.32,2
2874.7,684.2,39.74,55.57,1
2347.6,821.8,27.22,36.84,1
488.5,2091.1,35.67,27.84,2
2959.1,90.6,28.39,64.02,0
1006.2,2299.9,36.7,19.25,2
324.6,3506.0,46.48,9.79,2
1016.9,786.7,48.71,55.39,1
3516.9,402.2,23.82,64.12,0
3374.5,210.8,24.0,40.55,1
1976.4,1194.5,27.41,56.94,1
3276.4,266.4,19.46,52.49,0
2686.1,294.5,27.81,67.58,1
654.4,1547.7,82.65,27.02,2
1333.9,789.5,32.76,61.96,1
2259.9,270.3,38.02,34.0,1
216.0,889.3,85.69,29.83,2
3095.2,70.4,17.22,53.32,0
2525.7,330.8,22.56,52.33,0
2740.6,434.3,36.9,41.49,1
1335.8,150.0,29.75,25.85,1
2803.1,718.9,26.51,32.38,1
2840.2,270.8,23.68,71.53,0
684.8,1668.7,72.74,24.9,2
1240.0,2583.8,35.0,22.26,2
2681.0,1170.4,41.93,54.99,1
3250.5,37.0,33.41,68.19,0
2258.2,336.3,25.91,37.72,1
853.9,3203.1,51.48,17.94,2
3405.2,166.1,24.08,75.86,0
974.9,3293.8,59.76,10.66,2
2710.3,283.2,30.8,67.5,0
2557.9,150.0,27.54,34.68,1
1753.2,2670.4,68.95,28.45,2
2060.0,258.1,35.01,25.26,1
2015.3,456.0,34.29,55.78,1
2978.8,740.9,29.89,41.18,1
835.8,898.5,74.43,23.91,2
2964.3,536.8,31.48,44.42,1
1250.1,826.3,31.79,35.24,1
3016.3,143.7,19.29,36.26,0
2803.0,21.8,28.57,45.46,0
0.0,2924.2,65.67,22.91,2
942.5,5007.4,65.48,43.2,2
575.4,4148.5,39.53,44.12,2
0.0,3632.2,52.67,21.46,2
3158.6,535.6,23.94,78.76,0
3500.5,315.0,20.81,44.7,0
1678.7,1039.7,34.44,42.61,1
2898.0,1724.3,37.3,12.94,1
1341.2,3659.8,62.49,14.61,2
2282.0,663.6,36.8,54.37,1
3575.7,29.0,24.05,52.14,0
400.5,2380.2,66.59,12.01,2
1811.7,2028.1,50.43,31.08,2
3202.2,716.8,45.01,44.82,1
3618.5,39.5,24.07,56.94,0
3448.5,175.9,21.41,65.16,0
3974.2,98.1,23.25,41.84,0
2932.0,603.3,34.29,45.16,1
1601.5,421.3,31.8,13.38,1
2807.8,748.1,35.9,44.19,1
2938.8,381.4,28.36,61.56,0
2936.5,700.0,21.87,48.3,0
666.3,1034.8,73.01,13.48,2
1259.4,777.0,33.16,29.78,1
380.9,2594.7,78.62,17.85,2
3203.3,90.6,26.96,60.07,0
1444.7,254.9,24.0,46.63,1
2249.7,792.0,40.22,17.36,1
1560.8,1082.8,58.09,25.12,2
3089.6,387.9,23.87,56.2,0
3350.7,216.0,25.63,58.4,0
2721.7,172.8,33.71,43.38,0
581.7,957.4,60.72,17.69,2
982.8,1141.1,59.63,19.03,2
0.0,1694.5,49.92,35.26,2
377.6,700.0,58.76,17.82,2
358.0,3897.5,66.22,12.797405076643612,2
194.5,700.0,45.08,22.68,2
3164.0,147.4,18.97,48.35,0
3771.6,82.6,26.5,44.76,0
1182.9,2463.5,35.0,17.01,2
4087.9,153.3,30.85,63.53,0
2612.0,271.8,40.64,49.65,1
3544.6,178.3,25.73,60.52,0
0.0,2168.5,56.57,22.29,2
406.2,3270.1,50.03,24.98,2
2492.0,150.0,32.95,52.29,1
2879.5,678.6,29.22,59.47,1
2815.7,283.3,36.36,50.49,0
3263.6,67.0,26.66,68.35,0
4095.0,215.3,22.81,48.57,0
109.0,1557.9,58.67,29.47,2
3778.8,116.9,26.5,33.99,0
3282.9,351.3,29.33,56.41,0
3497.0,410.0,26.78,45.91,0
2180.0,810.8,42.26,47.21,1
313.9,2945.1,45.7,33.28,2
2530.1,111.0,19.53,40.16,0
2422.6,328.8,27.47,30.24,1
3652.5,327.4,19.94,37.29,0
462.0,1023.7,96.69,17.62,2
2150.3,151.0,18.66,65.54,0
2655.5,761.4,30.35,51.72,1
2047.4,787.3,29.54,8.0,1
2266.6,1183.9,27.98,15.94,1
2091.3,258.5,32.15,57.65,1
2781.3,253.7,33.48,25.18,1
2621.6,883.2,30.15,40.4,1
2923.3,230.2,30.56,38.34,0
825.3,889.4,75.51,38.19,2
2102.7,471.1,38.77,58.33,1
3092.0,150.0,30.15,47.97,1
223.0,729.2,35.0,20.2,2
4095.0,261.6,22.9,46.3,0
1660.5,299.1,49.15,62.78,1
3399.4,228.1,28.17,35.48,1
116.6,841.1,81.35,8.1,2
3318.5,962.0,40.05,24.24,1
3205.7,408.6,23.0,49.15,0
3773.1,534.9,24.0,37.07,1
3771.1,316.0,28.82,60.95,0
3800.0,1127.2,51.34,24.16,1
871.3,2893.7,66.07,22.77,2
2552.1,589.5,33.78,20.62,1
661.4,2081.4,48.78,25.54,2
1430.0,3560.0,69.47,14.81,2
3492.3,187.1,23.82,60.77,0
0.0,3240.8022421289875,51.2,35.71,2
1724.3,421.2,30.66,41.0,1
3826.7,429.8,26.15,57.5,0
0.0,2157.9,40.39,23.0,2
3422.8,236.1,20.29,90.28,0
3364.0,272.5,24.56,60.44,0
3000.4,435.0,18.86,77.86,0
3110.7,1190.3,36.29,51.93,1
2424.2,458.5,40.13,38.65,1
1378.1,3631.1577291620138,48.63,21.27,2
4095.0,442.3,14.92,48.08,0
3859.5,363.9,21.1,40.38,0
3962.1,500.6,18.65,17.26,0
0.0,2594.4,73.88,3.0,2
777.9,2404.1,71.58,21.27,2
2117.2,563.7,34.79,38.19,1
602.5,2930.8,92.47,7.1,2
1774.2,150.0,31.11,27.45,1
571.9,1062.4,58.67,14.69,2
2085.7,861.2,38.21,50.46,1
1380.0,898.0,55.5,7.05,2
2667.0,172.7,28.58,15.07,1
3176.8,193.9,22.65,53.89,0
3306.4,304.1,20.75,68.4,0
138.7,2404.6,50.29,24.71,2
1359.2,913.0,35.0,7.42,2
693.9,4146.5,39.24,9.61,2
880.4,1335.8,72.93,15.46,2
3745.1,281.9,26.24,54.25,0
2459.5,640.0,40.25,50.89,1
3327.6,646.6,30.6,32.69,1
553.7,700.0,46.29,3.0,2
0.0,2986.8,62.88,37.01,2
2497.6,560.3,17.3,55.5,0
172.4,2246.1,88.05,18.83,2
3865.6,61.0,17.13,53.58,0
2755.0,130.4,25.68,44.66,0
3773.6,114.3,29.29,49.52,0
3013.6,1374.2,39.76,63.94,1
4095.0,259.0,20.95,65.32,0
562.7,2086.5,39.84,20.2,2
1541.7,370.7,35.37,25.4,1
714.5,769.5,35.0,26.43,2
1191.4,3415.9,59.01,27.98,2
3800.0,420.1,43.52,35.27,1
756.0,2773.6,62.72,25.07,2
2588.3,358.2,34.34,18.7,1
278.9,1318.6,70.92,29.74,2
1755.3,393.3,37.26,43.08,1
2808.4,554.0,31.49,75.0,1
1814.7,465.1,33.23,61.46,1
2484.7,215.4,22.65,50.32,0
3302.5,815.6497371130918,34.476360671321814,58.92,0
1250.4,1236.5,68.2,32.51,2
2323.1,838.0,32.84,58.53,1
1940.0,620.4,35.02,37.54,1
3685.3,317.4,18.07,48.38,0
1981.8,197.8,40.06515446920926,46.99,1
745.0,1415.7,60.08,8.753226358670721,2
1309.8,2594.3,95.49,13.75,2
155.1,3975.3,50.69,36.28,2
2530.6,326.0,24.0,44.01,1
1075.7,2404.2,68.07,22.56,2
3966.9,103.9,25.48,31.26,0
2363.3,130.2,27.44,31.09,0
1407.3,3561.9,42.73,23.6,2
3272.5,313.3,25.14,35.41,0
179.4,2775.0,43.08,28.71,2
3612.0,180.5,24.64,46.64,0
2263.7,214.4,39.79,37.22,1
3456.8,423.0,24.84,51.1,0
3182.3,147.1,24.26,76.36,0
1632.1,318.5,33.3,44.71,1
737.6,1878.6,51.46,30.75,2
2991.5,121.4,17.78,51.93,0
980.3,1785.9,36.69,29.9,2
3112.2,334.9,27.69,65.73,0
2614.6,178.2,26.36,59.38,0
1100.2,5394.7,39.83,19.88,2
1597.3,1143.5,31.78,18.43,1
899.2,1653.1,46.11,3.0,2
2723.2,559.5,32.23,49.08,1
0.0,950.3,38.83,29.74,2
2503.7,598.9,34.13,46.32,1
540.8,4302.2,54.72,10.88,2
2795.5,1227.6,29.29,42.31,1
2334.1,360.9,51.39,51.75,1
1186.1,477.9,37.41,36.15,1
1740.8,577.3,48.24,28.21,1
3239.0,51.9,21.08,53.42,0
697.0,1747.6,74.88,22.49,2
2303.8,347.5,33.61,46.45,1
2369.3,391.6,24.0,35.07,1
2103.7,511.5,32.95,45.59,1
584.4,3952.7,58.82,10.5,2
913.3,4199.7,76.52,28.74,2
115.1,700.0,35.0,11.01,2
125.6,2235.0,66.32,25.68,2
147.6,5452.7,35.0,10.63,2
425.8,5015.1,52.21,18.87,2
4009.4,263.9,21.45,53.31,0
3473.0,968.9,36.51,44.42,1
766.7,700.0,47.25,13.07,2
2344.4,491.4,34.36,42.82,1
2660.5,178.6,31.82,52.22,0
3700.0,301.0,28.03,47.11,0
1606.6,3817.4,83.95,12.26,2
2256.9,1363.8,36.72,43.9,1
580.4,1487.9,77.61,24.14,2
2908.0,575.6,31.77,51.89,1
1352.2,3489.3,102.10330504231077,18.15,2
2258.6,502.8,43.62,39.9,1
2403.1,709.9132976453507,28.074523997634195,43.9,0
2102.1,245.8,47.88,46.2,1
1548.9,1105.7,24.54,24.55,1
1444.7,517.4,29.38,27.95,1
520.4,2696.6,53.54,23.95,2
3884.7,686.7618886059563,30.045905821947564,52.77,0
1210.3,2104.3,88.04,10.77,2
1949.1,1150.0,31.75,52.18,1
3875.2,221.1,22.83,26.9,0
3717.0,40.5,18.56,77.22,0
3185.9,644.3,26.92,43.59,0
3876.6,358.5,22.55,52.6,0
789.4,3304.6,69.4,8.1,2
1588.3,522.6,31.98,56.16,1
3753.9,252.5,26.13,70.01,0
2501.2,347.2,26.22,63.74,1
0.0,1624.7,67.96,3.0,2
3214.3,69.4,32.3,56.7,0
3602.5,174.0,23.43,52.3,0
3633.2,205.0,21.7,70.57,0
3459.2,423.1,37.76,53.56,1
2058.9,583.1,45.58,20.22,1
3075.0,216.9,21.08,70.56,0
561.5,5057.4,35.05,55.0,2
349.2,1811.0,76.47,4.01,2
0.0,5815.2,90.53,11.73,2
3457.1,564.4,16.14,48.63,0
0.0,700.0,59.05,3.0,2
1560.2,1456.3,78.93,21.55,2
3274.3,828.0,33.32,38.15,1
262.1,1713.1,63.89,19.93,2
250.7,2046.6,55.52,27.87,2
2926.5,164.5,36.73,33.83,1
376.2,1504.9,69.9,9.85,2
3330.8,106.5,26.45,41.18,0
3820.3,700.0,23.91,46.77,0
1162.5,691.6,44.74,51.44,1
2509.0,575.5,28.62,49.95,1
1438.2,1976.6,96.05,24.34,2
488.5,2584.2,55.77,36.34,2
3175.0,84.6,26.91,54.77,0
3020.4,286.6,30.64,52.44,0
951.5,2867.5,76.61,31.53,2
2158.7,150.0,41.02,46.37,1
3915.0,476.7,25.75,57.11,0
1124.2,700.0,76.44,5.46,2
0.0,1647.7,92.7,27.38,2
2481.6,674.8,24.14,35.63,1
1008.3,2462.2,35.0,18.87,2
250.0,1653.9,41.86,19.13,2
2593.6,681.8213653278438,34.84610142348092,46.07,0
2137.7,486.1,36.18,25.17,1
2347.1,150.0,35.47,19.37,1
239.2,1033.8,55.52,18.84,2
3484.3,60.4,27.77,45.23,0
1192.1,700.0,79.08,3.0,2
468.8,2432.5,42.44,25.53,2
1888.266593207293,2108.4,60.69,44.06,2
3740.8,545.0,27.83,77.9,0
3163.7,852.3,38.29,50.13,1
3671.3,157.2,24.3,61.92,0
3710.8,440.8,25.95,55.82,0
3383.4,251.0,22.48,44.32,0
1110.5,1622.8,76.32,25.0,2
3157.9,260.7,28.4,53.28,0
0.0,1160.3,105.89,11.21,2
463.1,700.0,63.41,18.03,2
3974.3,358.0,30.3,49.27,0
2899.9,374.1,35.22,48.3,1
3997.5,223.6,26.015320412404606,46.24,0
340.5,3661.1,57.48,27.52,2
1714.7,552.0,35.45,18.96,1
0.0,1076.3,73.72,14.09,2
3747.5,283.9,31.85,12.97,1
0.0,857.3,115.22,3.0,2
161.2,1015.9,80.68,6.22,2
494.9,1757.2,47.09,3.0,2
2208.2,243.3,32.74,41.05,1
3111.6,227.5,20.28,71.42,0
2263.3,466.3,31.3,31.41,1
1291.9,1247.9,35.0,29.8,2
860.9,1959.9,86.65,36.27,2
3407.8,468.1,20.19,58.89,0
538.9,983.2,53.44,12.37,2
39.3,2119.1,63.56,22.88,2
4095.0,226.7,24.5,60.96,0
1593.4,542.4,32.62,33.01,1
3255.7,47.4,27.75,47.74,0
920.8,2990.0,63.63,18.41,2
2938.5,746.5,39.15,49.44,1
3167.7,513.7,33.63,32.53,1
3779.6,266.5,20.98,45.5,0
811.4,1329.2,58.03,22.07,2
3262.5,99.1,21.07,43.16,0
1886.0,887.2,43.9,31.13,1
1662.1,1234.2,36.53,34.76,1
2573.5,150.0,34.97,39.33,1
2726.4,279.5,26.11,45.92,0
2037.0,150.0,28.53,34.57,1
22.3,1563.6,42.41,30.94,2
540.5,1403.4,54.15,14.84,2
1498.5,847.0,36.87,25.47,1
4095.0,413.6,19.22,60.17,0
2721.8,476.0,27.18,55.34,1
3565.4,125.7,26.84,49.02,0
1310.8,2927.3,65.9,12.41,2
350.6,1310.2,47.15,29.61,2
2891.4,278.6,35.59,37.68,1
2761.1,1112.6,26.82,40.06,1
538.5,717.5,40.24,12.74,2
0.0,700.0,79.81,19.74,2
315.1,700.0,79.86,23.31,2
2803.2,42.3,27.35,72.75,0
0.0,1022.9,73.85,12.14,2
656.2,4125.8,35.0,26.77,2
2825.1,1748.4,38.1,27.86,1
3636.8,299.1,16.38,65.47,0
701.7,861.7,94.01,16.73,2
416.2,3872.2,88.97,27.48,2
4095.0,378.2,23.86,66.61,0
3218.6,417.1,22.69,60.67,0
100.6,3050.8,61.5,23.42,2
2515.8,167.5,21.99,50.55,0
3252.5,274.6,27.19,51.34,0
3074.7,174.4,24.09,37.5,0
892.3,6996.5,78.7,16.3,2
3386.7,169.8,20.18,56.01,0
2368.8,1768.7,37.34,39.89,1
3928.0,44.8,23.78,36.72,0
3771.0,398.6,27.76,58.16,0
4091.1,107.4,22.03,65.94,0
842.2,874.0,46.79,20.06,2
3003.6,547.4,23.46,63.59,0
507.8,3610.0,70.53,24.37,2
3422.990015908969,630.9,35.5,51.77,1
534.3,2852.0,67.21,18.66,2
0.0,6296.7,40.43,3.26,2
755.3,2162.1,66.87,39.81,2
0.0,1234.7,58.09,12.72,2
2584.4,669.2,27.24,21.72,1
728.9,2153.5,88.09,28.55,2
1712.3,785.6,24.0,37.38,1
3599.6,79.8,23.95,55.96,0
1111.5,1715.4,74.66,32.96,2
2106.9,1462.1,36.33,37.4,1
1863.0,1501.0,72.2,27.55,2
1095.2,767.2,30.27,39.64,1
3158.5,680.0786934281637,28.36274108741069,57.48,0
2489.2,171.2,36.33,47.93,1
2665.7,380.3,41.18,38.79,1
4095.0,119.2,25.6,34.58,0
3904.9,451.3,23.14,59.56,0
3432.2,237.7,22.75,37.54,0
0.0,1686.6,85.84,7.37,2
3535.2,355.2,32.84,63.87,0
3601.9,867.2315876536841,35.96088926496571,38.49,0
2708.6,298.9,19.98,31.44,0
277.6,1622.7,63.98,25.82,2
4095.0,173.9,23.77,44.81,0
3416.0,84.7,22.0,54.54,0
3294.1,708.2,39.58,55.76,1
2501.6,461.9,27.75,57.54,1
2469.2,625.6,31.27,40.47,1
3386.2,130.0,27.72,71.57,0
3539.5,233.4,22.8,39.95,0
1063.0,1087.4,33.34,33.87,1
2524.0,436.9,24.06,35.95,1
2733.0,138.8,22.12,74.62,0
1559.6,3958.5,76.61,12.65,2
4095.0,91.2,19.59,67.04,0
2555.1,336.7,41.39,35.59,1
1918.4,150.0,26.79,34.85,1
3110.2,315.4,28.31,53.92,1
4095.0,232.9,26.06,52.46,0
1070.4,3503.6,73.79,10.06,2
894.4,3174.6,56.14,14.76,2
3604.1,851.403009745823,34.72953018104313,39.95,0
0.0,1194.7,39.16,34.58,2
3055.9,399.0,27.97,53.04,0
156.0,1384.7,57.76,29.02,2
3168.6,286.4,35.35,30.54,1
3800.0,536.5,32.96,41.28,1
195.5,3726.4,78.61,18.44,2
0.0,2774.4,44.98,7.05,2
2048.8,150.0,36.51,25.64,1
3974.4,94.1,27.74,40.13,0
3692.1,1282.4,34.47,37.92,1
3682.0,533.4,17.52,54.07,0
1832.8,606.3,34.44,47.52,1
2862.9,673.8,29.83,35.41,1
1607.8,150.0,32.8,36.21,1
679.9,700.0,47.01,12.3,2
3265.1,769.2,37.75,56.11,1
1749.4,3667.3,40.79,26.05,2
3492.3,129.8,21.7,65.67,0
1970.7,415.8,26.3,42.35,1
917.5,3548.8,60.33,3.0,2
1914.8,355.4,26.15,59.74,1
3475.2,183.3,17.07,38.54,0
2906.4,105.0,32.83,33.27,0
1596.7,477.0,47.69,30.79,1
1729.4,3477.4,57.22,30.89,2
1026.2,3080.9,53.71,25.75,2
3165.4,287.3,21.1,80.03,0
1079.8,2477.5,65.69,27.74,2
1003.6,1050.8,52.53,36.36,2
3320.7,539.6,25.2,44.85,0
558.4,1922.3,45.26,21.46,2
3145.0,22.4,27.17,66.64,0
2451.8,242.7,30.85,25.29,1
1283.2,700.0,45.46,9.66,2
696.2,700.0,38.63,9.15,2
2194.6,400.5,25.59,14.36,1
3128.7,405.6,41.88,55.72,1
3691.2,605.6,24.0,30.0,1
2622.6,1057.7,38.98,16.69,1
989.7,528.3,33.49,55.07,1
2200.0,2102.6,85.48,13.67,2
109.6,4720.6,60.6,19.28,2
2831.6,1251.6,41.64,44.48,1
1365.1,2019.1,53.93,16.95,2
838.8,3193.5,47.5,15.01,2
2772.9,123.7,16.08,45.96,0
839.3,4350.6,70.75,20.7,2
3719.4,245.1,22.02,58.72,0
3468.1,729.9,43.4,75.0,1
3543.5,386.9,39.4,48.37,1
3027.2,675.2,30.85,29.52,1
3141.5,483.3,30.16,65.29,1
3011.1,366.8,26.76,42.46,0
1753.5,1712.4,33.83,31.11,1
2166.0,216.6,41.36,70.89,1
3130.1,514.5,23.41,40.51,0
2632.9,63.6,26.27,59.54,0
1470.7,1065.4,37.72,55.84,1
4095.0,243.5,24.37,52.03,0
4095.0,728.1620762186676,28.859938986491763,34.34,0
3071.4,961.3,24.0,14.39,1
2581.3,150.0,34.82,53.12,1
3454.7,441.5,22.39,55.32,0
3303.8,142.4,31.8,56.68,0
3457.8,65.1,27.0,48.09,0
2089.4,792.4,24.67,30.87,1
3940.0,48.3,23.96,51.62598914217309,0
182.0,1242.5,53.52,6.64,2
917.9,700.0,72.71,20.66,2
3328.4,277.3,27.37,34.81,1
431.2,968.6,69.62,18.21,2
2663.2,1150.0,35.54,41.75,1
3926.8,578.4,21.33,44.24,0
1097.8,811.6,24.34,46.08,1
2727.2,590.4,31.99,31.0,1
1832.9,784.7,32.49,27.34,1
1701.3,1184.7,72.77,14.19,2
2827.7,193.1,38.49,35.12,1
0.0,1679.7,74.09,18.39,2
2752.7,251.1,27.2,53.46,0
2698.7,482.3,36.12,62.76,1
1013.4,2976.8,68.5,31.71,2
3.5,1051.8,49.97,30.1,2
1130.9,295.9,32.65,21.05,1
2474.0,231.3,34.22,48.02,1
1234.4,700.0,88.45,30.22,2
308.0,2011.2,54.24,29.83,2
2618.7,205.3,24.4,48.93,0
2580.8,1350.9,32.0,42.34,1
1308.8,2012.819263412329,42.41,30.88,1
374.2,700.0,40.25,21.0,2
3500.6,877.8613139886197,33.98060849329788,57.51,0
3122.3,290.2,17.02,53.7,0
3237.1,765.0,30.36,29.27,1
3724.4,151.8,20.38,67.23,0
0.0,3913.8,86.64,21.59,2
3326.5,158.4,20.92,71.43,0
2467.1,590.2,30.25,36.89,1
2486.6,676.2,24.0,56.75,1
519.3,700.0,63.39,3.0,2
2716.6,332.5,21.63,59.86,0
3499.0,435.8,25.39,49.24,0
3119.8,280.4,37.57,35.97,1
2976.8,151.9,27.87,80.24,0
2791.9,176.2,44.99,29.5,1
2277.0,997.0,41.9,15.85,1
2217.4,703.6,24.09,40.77,1
742.7,993.0,46.41,21.08,2
3489.720233064084,706.5,32.91,59.83,1
1790.4,1941.5,50.6,3.0,2
1492.9,700.0,46.58,26.28,2
655.0,700.0,66.43,42.72,2
3198.2,18.0,24.98,49.49,0
0.0,4581.6,67.98,24.9,2
2291.5,489.9,47.51,43.9,1
1907.0,255.1,34.21,60.81,1
2410.1,839.4,32.95,72.45,1
793.9,1424.4,61.15,22.31,2
781.4,2570.5,68.93,34.69,2
2169.3,150.0,32.59,48.95,1
3188.2270547695666,2031.3,64.21,22.92,2
1741.9,383.4,32.91,46.1,1
941.5,2884.2,45.02,28.37,2
3038.2,1077.0,50.98,49.6,1
823.7,1425.2,66.72,11.14,2
863.2,2748.3,38.58,22.96,2
577.1,5671.7,94.22,24.98,2
2366.5,150.0,27.85,41.65,1
2860.9,515.2,42.87,58.83,1
947.8,3473.7,82.05,29.93,2
3000.6,582.2,29.72,40.26,1
3184.2,65.7,18.45,42.37,0
1046.9,1484.0,67.47,21.94,2
1964.7,902.4,42.51,20.5,1
2600.0,650.3,37.53,57.23,1
3569.2,132.7,12.46,66.58,0
3998.3,100.9,29.92,57.56,0
110.4,946.1,75.68,24.13,2
0.0,2853.8,69.7,21.52,2
362.0,2554.1,54.07,26.53,2
2249.2,356.6,24.0,58.38,1
278.8,2105.3,48.46,14.162941476452932,2
969.5,700.0,57.56,34.23,2
1823.2,268.7,34.57,70.68,1
3189.5,3.6,18.1,46.7,0
126.1,1035.2,63.14,32.83,2
682.7,1139.7,37.04,12.99,2
2346.0,560.6,30.72,44.31,1
3280.5,482.1,18.27,57.09,0
624.6,959.3,85.05,13.47,2
3225.4,265.0,24.84,59.83,0
4048.5,308.0,30.86,36.05,0
4095.0,327.9,31.24,51.79,0
3648.3,330.7,23.96,50.16,0
2904.3,8719.816797354353,19.24,50.04,0
1618.6,150.0,32.54,51.86,1
3382.6,56.9,26.09,78.39,0
2479.6,111.3,18.65,34.19,0
793.7,4859.1,52.4,17.42,2
306.8,1771.7,75.44,13.81,2
1569.1,1136.7,24.0,8.0,1
2727.8,8.3,19.86,54.01,0
3776.0,223.7,24.46,63.34,0
0.0,2986.0,58.26,8.54,2
407.5,3113.7,66.76,18.5,2
746.2,2938.0,47.94,10.45,2
466.8,1657.8,56.08,3.0,2
2572.6,63.4,23.69,57.23,0
1005.2,928.2,71.64,9.69,2
848.5,1069.8,59.65,23.45,2
882.9,2585.5,43.29,26.87,2
2379.1,83.5,24.93,55.64,0
3141.2,366.8,17.04,48.22,0
531.6,1948.9,39.24,21.22,2
1449.5,2466.4,62.17,27.32,2
621.3,2010.2,49.83,22.31,2
3282.9,293.8,18.15,46.33,0
2323.7,180.6,38.96,41.41,1
2440.7,838.9,35.03,38.62,1
2881.4,995.5,38.92,39.79,1
2023.6,486.6,47.17,19.15,1
487.2,3918.2,36.74,30.48,2
3638.6,1123.3,41.29,19.6,1
928.5,1453.4,86.34,24.89,2
599.5,2832.5,51.73,26.36,2
3354.7,5795.851956046508,26.81,51.19,0
4095.0,281.6,25.7,81.33,0
3092.3,2161.9,25.35,41.38,1
3814.7,139.6,20.29,48.83,0
2626.9,567.0,34.44,30.06,1
1504.2,1175.7,35.03,62.3,1
71.0,700.0,66.09,19.05,2
3994.5,218.4,19.58,76.2,0
3086.6,256.5,17.23,53.99,0
1940.9,658.3,26.63,75.0,1
0.0,2769.3,41.04,28.85,2
413.6,1700.4,39.93,24.33,2
4092.1,97.5,28.79,55.72,0
3059.5,93.2,27.67,45.37,0
3383.6,616.3,27.44,41.9,1
344.5,2229.9,67.4,3.0,2
3154.0,1031.0,33.13,35.07,1
2489.5,865.3,43.6,48.21,1
928.3,1168.2,71.09,32.08,2
437.0,3465.4,40.25,29.25,2
698.7,2067.2,48.09,3.0,2
2769.3,213.6,53.1,54.74,1
3018.4,78.9,22.5,18.66,0
1634.6,523.9,31.18,46.99,1
526.7,2109.0,72.67,16.18,2
2459.1,147.0,20.13,70.29,0
3207.7,213.2,32.95,70.1,0
1379.7,742.6,30.65,23.46,1
560.3,1302.6,82.17,23.36,2
634.3,1382.4,61.07,32.97,2
1219.2,579.7,48.55,23.13,1
3679.9,700.0,17.33,59.22,0
853.3,1178.4,61.43,18.36,2
3274.6,185.4,23.14,69.12,0
2027.8,501.9,29.77,39.61,1
3546.5,68.3,24.21,55.75,0
2927.0,313.0,27.9,43.45,1
3167.7,61.7,21.02,65.76,0
2328.7,673.9,33.97,52.94,1
385.0,839.1,70.62,23.75,2
611.1,700.0,44.6,17.98,2
1647.4,1607.5,41.06,42.47,1
1991.6,1781.8,39.53,30.54,1
3215.0,174.9,24.95,42.55,0
8.6,2935.3,35.0,19.71,2
3224.2,77.8,32.64,48.85,0
2324.1,76.5,17.14,58.11,0
2676.6,150.0,28.27,42.66,1
3116.9,366.9,20.39,65.36,0
1722.2,732.1,29.68,31.46,1
2102.9,430.5,26.09,53.1,1
0.0,700.0,45.84,22.93,2
1754.6,399.2,36.41,26.63,1
3792.9,115.7,26.82,42.16,0
3366.8,812.4,34.35,32.06,1
3176.7,249.8,20.63,61.61,0
3750.6,23.8,24.96,42.17,0
0.0,987.5,73.71,35.14,2
3307.5,404.8,22.39,77.9,0
551.5,2901.8,63.51,9.0,2
3013.1,277.2,22.38,74.97,0
553.2,2282.3,59.24,35.95,2
3119.9,49.0,20.64,47.86,0
2207.3,400.9,34.39,36.86,1
969.6,1081.6,84.62,28.12,2
3785.8,244.2,21.65,57.04,0
2327.0,929.5,42.16554845345347,31.0,1
530.0,1571.4,70.94,8.03,2
3573.3,112.6,19.36,56.82,0
2443.9,760.8,29.03,45.29,1
2251.4,587.0,24.0,73.92,1
2892.6,118.6,24.36,66.42,0
2893.6,122.0,19.11,42.4,0
2294.3,227.8,41.82,38.23,1
2032.1,4421.0,96.03,20.56,2
891.6,2767.3,64.68,13.56,2
448.4,700.0,35.0,15.47,2
2657.2,266.0,26.63,59.39,0
2378.8,361.5,41.2,41.35,1
0.0,2189.8,75.28,28.59,2
315.3,1929.5,44.16,47.19,2
3623.9,425.0,26.09,66.01,0
1342.1,2586.6,66.54,31.05,2
3944.5,53.8,19.05,71.56,0
2304.5,150.0,36.11,31.97,1
3039.4,210.9,55.0,58.74,1
3835.6,133.5,18.52,76.92,0
2027.9,576.0,40.39,53.55,1
2727.0,203.3,31.92,47.57,0
3841.8,279.8,17.71,56.93,0
1564.9,150.0,37.48,33.07,1
574.5,1863.4,68.63,29.77,2
3358.9,208.3,30.2,45.56,0
145.4,700.0,58.82,13.25,2
3503.0,839.8,45.69,30.64,1
868.9,2892.2,53.08,11.31,2
1176.1,2902.1,88.12,38.62,2
655.1,1776.2,79.74,20.28,2
2982.3,28.0,18.79,61.14,0
386.2,3102.2,52.06,29.28,2
555.6,700.0,91.15,23.0,2
4095.0,700.0,24.4,64.4,0
1129.1,270.6,31.85,43.25,1
932.8,2703.7,40.51,20.82,2
3066.0,206.6,27.23,51.09,0
713.5,3603.0,68.3,15.36,2
2912.7,257.1,17.21,63.95,0
731.6,1744.1,91.12,16.13,2
3571.4,209.9,22.45,87.57,0
2336.6,2200.0,40.37,42.2,1
1881.4,667.4,40.66,38.03,1
2630.7,690.6,33.85,52.54,1
2366.2,353.3,36.48,14.8,1
414.0,2160.4,66.36,31.66,2
0.0,1658.6,42.02,11.47,2
1687.2,904.5,44.49,23.45,1
2562.6,308.6,24.0,47.27,1
3402.6,14.5,22.52,28.19,0
1487.1,1118.4,98.14,10.54,2
1750.9,151.5,37.58,52.77,1
1833.7,567.0,44.86,45.4,1
3916.2,263.8,18.44,52.56,0
1783.1,887.2,37.91,54.75,1
1068.0,2458.9,43.32,11.29,2
3074.3,116.9,22.2,56.55,0
786.6,1902.0,40.6,7.25,2
3993.7,126.2,26.61,61.43,0
508.2,1803.1,54.00149608830582,21.06,2
380.4,2740.3,62.13,16.85,2
1649.4,443.0,33.55,45.54,1
2899.8,195.6,25.97,75.09,0
2574.4,573.8,41.08,43.02,1
708.5,1243.7,93.25,36.66,2
4095.0,144.6,18.8,51.06,0
2506.6,842.9,36.99,68.2,1
2948.1,139.7,23.74,47.54,0
2985.8,1022.3,36.76,16.25,1
2650.8,150.0,28.37,32.32,1
1340.5,785.2,72.36,28.16,2
0.0,943.5,72.17,22.06,2
3664.1,1135.2,34.14,41.09,1
21.5,757.6,65.51,10.67,2
3451.9,408.4,33.27,33.44,1
420.0,1410.6,79.65,8.17,2
3135.4,150.0,34.13,41.19,1
1008.2,1456.0,35.3,23.36,2
2446.9,445.5,35.27,33.55,1
777.5,1711.1,59.81,27.49,2
4072.7,169.6,25.06,59.44,0
1800.0,306.1,25.25,86.28,0
1458.5,1109.9,78.47,20.29,2
1913.1,595.2,31.27,18.37,1
73.8,1918.3,57.7,9.11,2
1512.2,3177.7,71.7,22.61,2
3045.8,293.8,21.93,64.66,0
1029.7,2619.7,69.58,30.52,2
403.4,1517.5,58.96,22.44,2
2885.1,1545.7,36.03,23.6,1
3511.6,179.2,21.56,33.0,0
2700.6,226.7,38.89,36.27,1
4095.0,265.4,19.07,81.32,0
3446.4,285.0,21.84,65.46,0
3800.0,87.0,26.06,60.82,0
1918.4,176.2,27.02,39.92,1
2615.0,504.9,51.18,20.0,1
2781.5,69.4,26.41,58.86,0
438.1,1796.7,61.09,36.74,2
3762.5,134.7,25.27,44.27,0
2957.6,154.6,31.76,57.24,0
2424.2,374.2,29.9,24.6,1
3327.8,343.2,20.52,76.67,0
3506.6,116.0,24.28,52.84,0
2824.5,767.9,37.67,42.9,1
2381.8,918.8,26.92,16.84,1
720.1,3112.3,40.3,24.39,2
2680.0,72.4,26.87,50.26,0
1909.9,1417.7,36.03,39.5,1
2510.6,146.0,29.63,81.13,0
2663.1,150.0,32.66,43.34,1
2785.2,122.9,17.9,45.68,0
3476.9,707.6815252266972,30.633650070612358,42.0,0
3186.5,440.2,45.93,64.44,1
2512.9,321.6,35.7,49.26,1
1205.3,703.0,65.65,23.87,2
3382.5,700.0,19.87,57.37,0
0.0,700.0,65.62,3.0,2
1355.4,3203.3,35.0,19.8,2
1313.1,785.1,35.12,60.35,1
3941.5,50.5,31.08,67.82,0
1368.1126955684672,314.0,37.19,51.35,1
102.2,1297.6,48.84709018837329,21.35,2
303.1,1284.0,64.18,16.23,2
3248.4,700.0,21.03,38.27,0
2110.6,150.0,34.48,19.56,1
4095.0,669.8934171280288,31.66653560195806,69.59,0
669.5,1901.0,76.71,18.15,2
546.8,1468.9,55.49,39.94,2
0.0,3093.8,78.43,5.98,2
3050.0,201.2,38.78,36.49,1
4095.0,95.5,26.64,45.47,0
498.5,3673.0,41.2,33.62,2
1283.3,700.0,62.52,28.09,2
521.5,1457.5,51.99,19.18,2
2048.9,849.7,38.87,48.92,1
3862.0,451.0,22.04,53.51,0
822.6,1920.0,64.5,31.44,2
2157.4,1179.8,29.16,27.75,1
1692.9,381.5,38.36,45.43,1
2922.4,457.0,22.33,34.74,0
1682.0,321.4,30.84,75.0,1
1793.3,308.6,31.72,51.73,1
4095.0,410.9,25.57,58.68,0
0.0,1389.3,76.1,23.07,2
663.3,2700.7,57.56,35.12,2
3859.6,122.3,29.16,62.57,0
87.0,2239.6,87.46,9.84,2
2640.0,160.2,30.0,34.13,1
3049.8,319.5,35.71,30.1,1
0.0,3436.9,72.97,12.99,2
681.1,858.4,43.97,11.65,2
2387.0,473.0,33.8,36.73,1
3346.9,302.3,29.33,55.16,1
3318.5,240.5,26.68,64.1,0
3128.3,34.4,25.23,65.18,0
1559.5,2359.1,92.09,12.62,2
374.7,700.0,64.77,22.28,2
2101.3,434.7,31.58,13.57,1
380.5,1751.3,90.92,27.38,2
1558.6,1251.8,67.1,21.32,2
918.5,1905.5,63.17,12.46,2
1430.2,2440.6,57.8,32.61,2
4095.0,235.6,23.54,73.21,0
3754.1,176.7,23.97,62.43,0
1159.2,4376.8,49.38,9.9,2
2068.4,207.8,42.79,20.35,1
715.4,5013.4,41.87,35.67,2
3414.1,233.4,24.92,57.98,0
560.2,1327.1,46.02,29.05,2
241.0,700.0,78.89,18.24,2
3312.2,492.9,46.94,17.75,1
1702.4,822.6,24.0,50.01,1
1751.5,1257.8,71.89,14.16,2
2303.6,208.2,45.56,40.52,1
2840.2,17.9,17.39,58.31,0
3096.1,185.4,23.3,37.42,0
1064.3,2977.0,73.68,29.6,2
730.5,851.4,82.92,17.31,2
1072.8,2749.1,105.98,22.64,2
3050.8,285.8,35.06,20.07,1
1434.3,4387.6,35.0,22.51,2
2579.4496770329965,1895.9,47.64,20.68,2
421.5,2867.2,64.5,24.2,2
2674.6,171.6,32.91,39.03,1
1733.6,1105.9,24.0,75.0,1
4095.0,63.5,17.5,41.14,0
2411.9,895.2,35.69,38.47,1
1702.5,150.0,31.5,31.84,1
2558.9,1394.2,38.73,53.12,1
3133.7,377.6,35.71,57.06,1
3769.4,197.6,33.09,54.87,0
1622.1,800.9,76.02,23.04,2
3214.7,192.0,20.51,55.91,0
1223.9,2229.3,45.58,33.62,2
2464.2,857.9,37.31,39.37,1
3899.2,59.2,27.45,61.79,0
3876.4,128.9,26.25,59.8,0
862.9,700.0,74.39,7.56,2
1104.5,3812.4,35.0,29.85,2
3237.0,211.7,24.35,55.51,0
2067.3,528.4,29.94,57.89,1
4095.0,90.2,26.27,47.3,0
3512.3,177.9,19.89,53.5,0
0.0,1518.2,67.26,16.96,2
3657.5,32.1,19.58,43.65,0
237.4,1300.0,73.2,21.98,2
3311.5,132.6,34.16,55.06,0
1013.1,5380.8,43.95,7.44,2
2700.7,435.8,19.04,42.27,0
3706.8,43.4,17.65,42.26,0
3800.0,820.3,39.57,46.75,1
2764.4,2112.365001244086,38.72,37.68,1
1511.0,700.0,39.19,45.82,2
200.6,3996.7,66.6,8.03,2
3797.1,353.8,30.96,34.17,0
1136.8,1175.1,25.89,35.93,1
2114.3,743.1,24.0,43.52,1
3182.8,70.2,26.94,71.23,0
989.5,4255.5,82.39,22.74,2
2913.4,432.8,33.69,31.94,1
2734.6,1814.0,30.29,34.32,1
75.5,700.0,78.23,37.53,2
2105.8,892.1,37.45,32.77,1
0.0,1145.2,66.49,20.62,2
3578.9,204.5,26.66,48.5,0
3739.4,284.8,24.0,30.11,1
2751.4,164.7,48.08,47.61,1
3320.2,159.2,36.17,26.46,1
1671.1,1705.4,84.81,31.94,2
1546.1,897.2,79.44,18.76,2
571.0,3998.1,60.91,14.35,2
3646.0,507.0,23.83,55.54,0
106.7,6486.4,82.51,23.5,2
703.2,719.1,63.71,7.76,2
4095.0,214.9,24.7,66.56,0
3549.0,1403.8,30.64,45.94,1
2378.9,645.9,40.13,32.62,1
454.0,1787.9,46.11,15.23,2
736.7,2159.2,39.99,21.36,2
3082.8,155.9,27.26,39.15,1
3806.3,836.2525423737454,29.06177786636012,50.89,0
2760.8,345.5,31.42,20.09,1
2629.0,942.3,39.06,44.46,1
1584.2,1250.9,51.21,24.39,2
3438.7,129.4,29.09,57.27,0
2995.9,284.8,27.16,57.57,0
701.1,3139.6,41.06,6.95,2
1587.8,1340.2,36.82,36.54,1
0.0,1475.5,37.62,30.38,2
2621.7,239.9,28.28,57.83,0
3391.8,152.9,28.67,52.69,0
3239.3,430.5,24.01,45.53,0
3074.3,66.8,21.26,38.9,0
3470.9,63.5,21.5,15.0,0
1599.8,1153.2,31.18,15.63,1
155.1,2647.8,70.16,32.1,2
1576.4,1108.4,45.09,17.67,1
559.1,1398.2,67.44,22.29,2
3259.4,86.6,21.18,40.22,0
2710.2,199.9,27.81,74.46,0
634.3,3322.8,84.27,25.92,2
3793.5,110.9,31.4,57.52,0
4.7,2058.7,60.7,24.22,2
344.5,953.9,62.13,29.32,2
3789.2,355.8,20.33,80.93,0
3230.7,359.6,34.08,47.58,1
190.2,1824.5,63.56,18.92,2
1716.5,150.0,26.52,26.48,1
1152.5,1418.2,38.59,28.83,1
3113.1,182.3,25.87,51.1,0
2444.868143149398,1097.0,44.34,53.21,1
1822.3,458.8,26.94,54.01,1
3746.6,259.5,27.51,42.77,0
4087.2,159.9,19.15,57.83,0
2868.5,862.7,26.12,45.34,1
3811.3,169.1,22.21,35.36,0
1041.1,2210.0,49.72,29.69,2
2614.9,163.2,25.97,39.97,0
3521.4,1071.9,35.41,30.62,1
2956.3,429.9,24.23,51.21,0
1582.9,2333.0,40.87,10.16,2
2913.5,78.2,24.45,71.53,0
1704.5,234.6,48.42,41.62,1
3800.0,162.7,40.81,32.97,1
2885.6,150.0,28.99,46.71,1
3342.6,165.3,24.39,54.17,0
2321.0,1381.1,31.52,41.17,1
1798.7,771.1,38.18,62.5,1
3778.5,279.3,26.25,55.68,0
2333.3,243.7,38.36,35.03,1
0.0,2362.8,72.11,24.73,2
1649.7,770.1,44.95,27.38,1
2051.6,140.3,19.92,46.8,0
2213.1,168.3,27.16,26.39,1
2055.2,770.5,35.72,42.01,1
2175.4,771.5,39.99,31.68,1
3155.6,143.3,14.09,53.21,0
2948.0,366.5,17.6,59.92,0
3252.3,566.5,26.44,62.61,0
0.0,2260.6,54.73,17.49,2
2204.6,1135.6,24.0,75.0,1
2269.8,922.4,29.3,33.18,1
2642.6,301.6,23.43,67.16,0
3533.6,345.4,24.65,50.67,0
2455.2,18.3,28.51,40.27,0
2677.3,721.2,49.55,57.57,1
1676.1,1407.6,37.27,49.25,1
1758.9,346.8,24.0,67.72,1
3239.2,475.2,29.84,43.55,0
4095.0,247.7,16.51,50.18,0
2349.6,231.9,31.52,68.34,1
515.0,1096.4,41.93,26.77,2
677.7,3611.6,63.52,14.99,2
1903.6,449.2,37.2,48.41,1
0.0,4077.4,74.04,30.01,2
2905.2,320.7,21.66,48.83,0
819.0,700.0,46.98,22.24,2
41.0,2823.7,56.93,9.69,2
2718.0,754.7,25.63,45.54,1
1211.1,1970.5,82.16,24.43,2
2175.5,263.6,30.09,46.82,1
4095.0,845.0803037862391,29.931246932359343,29.46,0
3993.8,519.5,28.11,55.85,0
2624.7,185.4,21.95,46.8,0
2333.4,548.4,31.48,38.87,1
1787.0,949.1,30.32,21.82,1
2287.8,641.6,34.34,22.76,1
523.7,2201.9,82.0,16.76,2
461.9,4935.1,59.14,28.92,2
738.0,3239.1,90.76,26.99,2
3707.1,109.8,24.91,47.4,0
106.9,2201.6,45.46,5.87,2
2921.7,1695.2,39.33,31.33,1
2825.4,867.5,30.92,18.54,1
198.5,4361.6,72.37,35.6,2
0.0,700.0,63.75,10.35,2
571.5,754.4,80.06,11.4,2
3501.5,439.9,26.41,26.48,0
